label,text
offensive,"RT @RAYCHIELOVESU: No &#8220;@3rdeyechillin: That really happens ?

""@opnminds: who doesn&#8217;t like it when a random bad bitch hits you up just to s&#8230;"
neutral,&#8220;@__Black_Jesus: &#8220;@lil_aerii: Happy new year &#127882;&#127881;&#127881;&#127881;&#127881;&#127881;&#127881;&#127882;&#127882;&#8221; check yo clock Hun we got another hour lol..&#8221;they just did the lil count down thing
hate,"&#8220;@iamkrause: No need to thank me, killing niggers is it's own reward.&#8221; 

Dis my pal from our graduation when we was 26"
offensive,RT @tr4pb0y: when the pussy so good &amp; u forget to pull out http://t.co/653Te4sUhr
offensive,I talk to these bitches like I really do care.
hate,You have my word we will RT @JRwrz: @Thotcho beat those fucking faggots pls
offensive,"Tell them skinny hoes bounce, bring them thick bitches back"
neutral,My nig kkeldalegend took me out for some more of that good old New Orleans soul food! http://t.co/vCBKAcQBHV
offensive,This nigguh got somebody contact as Ebola lol
offensive,"Damn ""@JonnieSantana: It's kinda trash man RT ""@80sbaby4life: How many of you actually have had a threesome. Honestly"""""
offensive,RT @ChiefKeef: That pussy Ain't yours broski. It's jus your turn!
offensive,&#8220;@Untouchable_T: Never seen so many perfect bitches til I made a Twitter &#128564; but &#128056;&#9749;&#65039;&#8221;&#128175;&#128175;&#128175;&#128175;&#128175;&#128175;&#128175;&#128175;&#128175;&#128175;&#128175;&#128175;&#128175;&#128175;&#128175;&#128175;&#128175;&#128175;&#128175;&#128175;&#128175;&#128175;&#128175;&#128175;&#128175;&#128175;&#128175;&#128175;&#128175;&#128175;&#128175;&#128175;&#128175;&#128175;&#128175;&#128175;&#128175;&#128175;&#128175;&#128175;&#128175;&#128175;&#128175;&#128175;&#128175;&#128175;&#128175;&#128175;&#128175;&#128175;&#128175;&#128175;&#128175;&#128175;&#128175;&#128175;&#128175;
hate,@MarkHalperin @WSJopinion @BarackObama Anything to trash this black President!!
hate,These niggas retarded... Lmfaoo
offensive,@ResiDinero if we finna hoop inside or out fucking retard that's what I'm saying let me know allergic reaction lip ass nigga
neutral,"trust me, just set the alpha to 0. it's just as good (maybe better) than setting the visibility to false. now: fly on silver bird!"
offensive,"You little stupid ass bitch, i aint fuckin with you!!!!!"
neutral,@ShojoAIE a bright neon yellow gauntlet
hate,@GlitteredInPink hoe don't tweet me
offensive,RT @ATypicalFemaIe: when a bitch gets smart and I look too cute to be ratchet http://t.co/OoTtkUxKRA
neutral,"Wait a minute... Bowyer causing a yellow in a Chase race RT @Knighter01: Caution, 15 #NASCAR"
offensive,@kerrtheresa moderator wants to bitch slap Romney so hard
hate,"If some one isn't an Anglo-Saxon Protestant, they have no right to be alive in the US. None at all, they are foreign filth."
hate,"Fuck that niggah he so weak, he cant tell that you a freak"
neutral,"From Jihadi streams: Rutba, Anbar Province, #Iraq http://t.co/K6j37J2sgL"
neutral,RT @vexedmentals: draya really out catching a tan while her son looking out the window like the ikea monkey while everybody trick or treati&#8230;
hate,But atleast they let me know...ur a faggot if u keep those type of twitter secrets
offensive,"@RicoChavo oh, you cute, you fancy bitch!"
hate,George michael such a fag
hate,RT @beethetranny: can we please stop talking about how some scumbag faggots mugshot is sexy? you dumb whores.
hate,@sarahVICwood im going to murder that fucking cunt
offensive,&#8220;@surfboard101: @Vomitdatruth I'm outside your house #comeout&#8221; this bitch
neutral,"Char-broiled #cod, yellow #rice, saut&#233;ed spinach and artichoke hearts. Made with love for @voxpulchra.&#8230; http://t.co/vWjWlghRGO"
offensive,If you not lickin toes you a basic bitch.. And I can't fuck with a basic bitch
offensive,Profesional sports are only enjoyed by white trash.
neutral,RT @chilltweetss: flappy bird is deep... hahaha http://t.co/EMuhmR3jzE
offensive,My bitch can be anything except average
offensive,Gettin bitches was never hard I just settled down cause that start got corny an my girl thurl &#128175;
hate,I hate dumb bitches
offensive,"@kay_reneaa trust me, after i tweeted that i was like... Damn im a fag"
offensive,&#8220;@eternalhbic: &#8220;@HalfJewish: Stills get no pussy** http://t.co/6uOWecbUQO&#8221; he's jus being rational&#8221; a fag
offensive,Pussy ass nigguh name Jesus. And his daddy
offensive,RT @ForeignGAWDESS: A relationship is for 2 &#128107; . . but you know some of you hoes don't know how to count &#9995;&#128530;
offensive,Niggas go crazy over bitches now a days &#128541; like calm yo happy ass down
offensive,RT @__thaRealist: @pskinny31 &#128514;&#128514;&#128514; chill bitch
offensive,"RT @micheleod1: #FlipTheSenate on the most corrupt administration EVER!
#ChicagoPolitics in the WH &amp; Harry Reid is his bitch. http://t.co/x&#8230;"
hate,@JimBoberson happy birthday faggot
hate,only lesbians get their nips pierced ew
hate,@lucas_wright955 @MichaelGT03 faggots
hate,------&gt;RT @Maxin_Betha @HumbltonBanks ankle socks in general are for the faggots bro
neutral,Best behaved kids ever at mommy's commercial audition. Oreo McFlurries for everybody! #proudmom&#8230; http://t.co/9HFNSmaLcU
hate,Wake up you stoopid dyke @RandyPawlik
offensive,"@DrMalvo @_Rotten__ 
Who is da ""we"" whitey?"
neutral,DEREK JETER clap clap clapclapclap #Yankees
neutral,@charliesheen Charlie PLEASE STOP. from 1 ole fart 2 another...
hate,Punk ass broke faggots.
neutral,"Get some H&#228;agen-Dazs ice cream bars, a whole lot, make sure chocolate, gotta have chocolate, man. Some popcorn, red popcorn, graham crackers"
hate,someones clearly a stinky ass beaner...
offensive,"RT @PABLO_BAAIH: ""Good pussy is pussy that makes you really think bout making her breakfast pussy that makes you think about being a father"""
neutral,RT @Rajput_Ramesh: Friends a Proud Hindu n ShivSainik brother shri Ramesh Jadhav was murdered by Jihadis plz help trend #RameshJadhav http:&#8230;
hate,Iont see how some of you niggas fags!!
hate,"When it rains it's good ""go to the mall weather"" all the coons be at home"
neutral,"5am: Whizzing crackers! My cats got into the @Ritzcrackers &amp; are now playing 'hockey' with them. Lol.
#crazycats http://t.co/A5ZBVDXapx"
neutral,"Operation Ask Redhead Resolve, Charlie Brown. #rejectedpeanutsspecials"
hate,"@God_loves_biebs Go pray in a church or something fag, no one cares about your religious bullshit."
hate,@saraelizabethj4 that's what happens when you date a colored
neutral,"Pretty over this whole Yankees thing, id rather lose in the ALCS every year then live in Detroit.. I miss the real Steinbrenner #glorydays"
offensive,"This bitch fell straight through the chair... Im high, of course I laughed..



Even if I wasn't I would've still laughed."
neutral,"@spence1reed_ bro , i heard slaughter songs .. they all trash .. they just freestylers"
offensive,You can't play me for a fool my niggah
hate,RT @ajade___: everybody tryna fuck the next nigga bitch not knowin that his bitch is the next nigga bitch &#128586;&#128566;
neutral,Looking forward to #NCAA and #NBA basketball &#127936; in the states soon #iubb #hoosiers #pacers #PacerNation and of course breadsticks.
neutral,RT @CorbynKelly13: Found some more of my original yellow bracelets and the first person I thought of was @TannerMcDowell
neutral,Friendly advice to western reporters in Kobane: don't advertise your location. Jihadis are tracking u &amp; consider u a high-prize target #ISIS
offensive,@sramirez07943 you're failing at that and you don't know where I live faggot
neutral,&#8220;@nypost: If you used the ObamaCare website you should definitely change your password http://t.co/VEd4Yyztok&#8221; hahahahahah that's sad #boon
offensive,Fizz a whole hoe outchea see would of been walking
neutral,cheeky lol RT @_MELiSA_jay: I want those all black and yellow 95's again... ughh I &#9825; those
offensive,"RT @IamMrEchols: Lmao &#8220;@GuruJeremy: A hoe's best excuse is ""it just happened"" lol. No. You being a hoe just happened. It's okay to admit it&#8230;"
neutral,"Dress shirt, saggy jeans, backwards Yankee hat now that's lifting swag"
offensive,@BlakkHoodie_562 fosho my niggah il be over there just been real busy lately
hate,@dantoomey2 fuck you faggot
hate,Black bitches don't be kickin up in our school. Bitches still comin wit durags still on they head nd shit.
neutral,RT @xoxo_Geee: Chest tattoos on females are trash .
hate,@TreTyler_108 That's actually non-English. Because #okiecops are filthy white trash who are all criminals.
offensive,"RT @KingRyin: RIP Robin Williams, I'm gonna fuck the baddest bitch tonight for you bruh"
offensive,RT @xfleezus: cant turn a hoe into a housewife.
offensive,@angelo_GL oh yea a-lo aka mr bitches lmao
offensive,"You ever see bitches comment on a vine like ""oh my god, that's me!"" Knowin damn well she would neva do some shit like that lmfaaoo"
neutral,@LanceTHESPOKEN Statement of the Day: Ppl who RT @ChiefsatWar are even dumber than he is. The ole birds of a feather type of deal.
neutral,"Was finna slit my eyebrows up in the shop but nahhhhhh.
.
.
.
.
.
.
.
.
.
.
.
.
.
.
.
.
.
.
.
.
.
.
.
.
.
.
.
.

.
.
.
.
.
.
.
.
.
.
.
.
."
hate,"Only fags say ""swag"" shits mad retarded."
neutral,RT @sorryimalex: &#8220;@lametears: i only rted alex ramos aka trash to gain followers&#8221; #vote5sos
hate,RT @amour_tajiana: Only fuck niggas would wanna continue to mess with these messy ass bitches vs. somebody who HAS been down for them all a&#8230;
neutral,Confusing circumstances seem to get in the way of your high ho... More for Virgo http://t.co/nrAAI6dhVx
offensive,Lord please get me out of this ghetto ass hospital &#128514;&#128514;
hate,Lol Nicca dime game got soo much clout niccas goin to da store to buy sum dice
hate,Pennsylvania is white trash and is so are all Pennsylvanians.
neutral,RT @deviledlegs: drawing myself an organic powdered goats milk bath with rose petals and chopped clams eww what just kidding it's Mr. Bubbl&#8230;
hate,Apaches' 30 MM rounds turn Jihadis into tomato soup @MarkRothschild1 @Rockprincess818 @NoFear3136 @Lanna70115
offensive,Yo own homegirls sayin you a bum bitch #Ooooostopflexingforigandtwitter
neutral,RT @DaMcGrizzlyBear: the ghetto if UD wins tonight: http://t.co/PkZmkn2WKo
offensive,slay me lolz jk bitch I'll cut you #EMABiggestFans1D
offensive,"I have better things to do, like drive my yellow fucking Lamborghini"
offensive,RT @KINGTUNCHI_: Lol it's funny tho cuz every hoe that talk shit I .... NVm that shit ain't player
neutral,"RT @WillMcAvoyACN: An ad for the Haitian charity ""Water Is Life"" mocks people who use #FirstWorldProblems hashtag through juxtaposition. ..."
offensive,Karmas a bitch I guess you should of loved the old me.
offensive,Pressed for pussy no ...I get too many freebies
neutral,"LOL at the Benghazi ""hearings"" that proved nothing other than Republicans only care about taking down PBO. #foxnews #teabaggers"
offensive,@surething_mark you didn't even pass ESL yet you bitch lmao
offensive,"""Takin it straight to dirt, why finger the pussy when I know I can put my dick in it?"" @xErnee18"
neutral,the trash wheel has a twitter? and googly eyes?
neutral,RT @camilleftansel: i've read the hunger games 12 times i am trash
hate,"@BGALLY17 so ur faggot teammate @BrandonPrust8 hits someone late like that and U say he's yapping and yelling, u guys def 69 in the room"
neutral,Have they seen Planet of the Apes &#8220;@WhatTheFFacts: Brazil has the highest number of monkey species of any nation in the world with 116.&#8221;
offensive,RT @DaSmacker: Mariners said moms 21 and over get free ball caps on mothers day. Basically all you young hoes with kids don't get one lol
hate,@StephyRae7 faggot.
neutral,@GroteSmurf0 @illMartino @SvensTweet @KangUcup3 goh d AnoniemeAso meeting heeft weer pauze.Nog steeds niet bij hoofdstuk:hoe haal ik m'n ID?
neutral,"#RedSox, focus on the #Orioles that knocked you out last year, and not your hatred of the #Yankees for um-teen years! LOL!"
neutral,"RT @prolongshop: #LED #Christmas #decor Lights 10m 33ft 100 LED #Fairy string #Light for Outdoor/Indoor, 

http://t.co/2ew0jjhB6n"
offensive,&#8220;@saidtina: @uce_INA I really hate Poly bitches.&#8221; You and me both man
hate,@InTheOvenJews @SlaveCatcher88 @marylene58 we should hang out ovenjew. Have a lot in common. People waste time on nigs. Jews r r problem.
neutral,@eGoTheIcoN everytime pro teams do GB tourneys that get schmanged. Im not fanboying im just saying I don't think u should say they're trash.
offensive,wut spook me even more is its gon be dark when nigga drive outta hea..... im sick already
hate,"""@NotoriousBM95: @_WhitePonyJr_ Ariza is a snake and a coward"" but at least he isn't a cripple like your hero Roach lmaoo"
hate,@ChaleCarlo5 stay talking defending your fuckboy ass boyfriend or what? go suck him off while youre at it faggot
hate,"""@Blackman38Tide: @WhaleLookyHere @HowdyDowdy11 queer"" gaywad"
offensive,@charlieecai ok!!!!! Stupid bitch
hate,"""These sour apple bitter bitches, I'm not fuckin wit em"""
hate,@chemicalkidss this bitch look like a fucking white trash Trailer park queen lookin man bear pig. http://t.co/fqyXLJYIET
neutral,RT @DepressedDarth: Star Wars meets Charlie Brown http://t.co/m9uNRz6SYR
neutral,Why won't we run the ball? Our offensive coordinator is retarded
offensive,"RT @HighClassCapri: I'm on go, so bitch tread carefully."
hate,Black people like @ChiefKeef disgust me laughing at someone who died dumb monkey ass niggas like you need to be locked up just for stupidity
neutral,International law enforcement operation disrupts Shylock banking malware - PCWorld: International law enforcem... http://t.co/NPVP80gFh6
neutral,Shut up birds it's bed time.
hate,"RT @_politeASSHOLE: 4) Only pussy niggas who suck dick cry about someone being in their mentions, tweet the person then cry again about the&#8230;"
hate,@CheCha__ be gone my nigguh
neutral,RT @Lrihendry: Pregnant S.E. Cupp&#8217;s classic response to &#8216;liberal dem&#8217; who calls her &#8216;chunky&#8217; &#8211; with bonus tweets http://t.co/U8nlYWEfiO via&#8230;
offensive,@TheRealKevinMcB Sauerkraut Saul is a punk ass bitch
neutral,@1Oyster1 maybe not but you crow about obama and democrats so you are a mawbar....Might as well be a Republican.
neutral,RT @mlbtraderumors: Offseason Outlook: New York&#160;Yankees http://t.co/6DtDxdI6ul
hate,"@Chris_Anzueto @Josh_Mackey15 you call someone a faggot and then say to kill themselves, you are a pathetic human being. A fucking disgrace."
hate,First thing I do when I hit the lotto is buying @moniqueeedavis two fat bitches and watching her eat both in one sitting
offensive,"95% of the truly talented people i've come across are retarded professionally. 95% of the awful, untalented people are on point and polite.."
neutral,Oh man. This could be a serious first ever Chanel bag contender RT @evachen212 grape-colored Chanel bags http://t.co/q8ShjIFv
hate,So many hoes whipped you would have thought we were still in slavery
hate,So I decided to drive to the good walmart where the colored folks don't go bc it's food here.
hate,RT @__J_R: Smh nigga is mildly retarded RT @Thotcho: LMFAO RT @JustDoJ: If Griff wasn&#8217;t injuries we&#8217;d legit be 6-1
neutral,@RobDa64 thanks!!! Now go clean that trash can ya lil nasty! Lol
hate,You&#8217;re a little bitch RT @FuckingCashBro: RT @Thotcho: my team got blown out in the Super Bowl
hate,"Kip Tokuda, yellow guy working to niggerize the Seattle PD, died. Too bad there's another POS hiding in the wings to replace him."
offensive,"Any man even considering plastic surgery is gay gay gay imagine ya boy say ""I'd get more hoes then u after I get these new lips"" &#128514;&#128514;&#128514;"
offensive,@RealWallieWall Ms. Martinez fuckin with the cripple kid?!
offensive,"&#8220;@iTweet4UglyPpl: &#8220;@KirbyMouf: No one wants an ugly nigga, so you've got him all to yourself. No more stressing over hoes&#8221; &lt;-&#8221; lies !"
offensive,"@DignifiedPurity LMAOOO @ ""black fag""..... why did I misread that??... I'm blocking you"
offensive,Females always tryna make a nigga feel bad about some shit like bitch I'ma smoke this weed and be happy all day
offensive,@Dre_thinks that damn coach ain't never called back bitch ass
offensive,@rhythmixx_ why you gotta hoe me like that
hate,@jumpmastere8 @dmcgowen1776 @visitorvisiting its retarded
hate,My eyes feel so chink eyed
offensive,RT @Tr1zz: How bout some of you bitches be women for Halloween.
hate,@DeezNutsDoe how about you wash my butthole out with your tongue you little faggot
offensive,Smh &amp;&amp; its not bitches its BITCH ASS NIGGAHS
neutral,#portlandia #putabirdonit RT @mightymouse105: The Xbox One would be so much cooler if they put a bird on it
hate,Every gook in #LosAngeles should be deported or killed.
hate,"RT ""@_ThatGAPeach: &amp; alla my niggas hot boys , so don't bring no ice in this bitch &#128130;&#8221;"
neutral,"RT @Shakestweetz: Friends of @philbarron: @javachik has let me know that Phil is very ill. His infection has gone septic, and he is fightin&#8230;"
hate,The blacks in #California are typical niggers.
offensive,This hoe taken by the world smh
offensive,dis Morgan hoe in da middle of erything....
neutral,@GregHillWAAF New show:Thursdays with Jinxy broadcast from the moon it's made of chunky blue cheese you know
hate,Why you think all these niggas end up with all these kids? Fucking ugly bitches
hate,@Prophzilla I don't hate that he blew up from 3005 like a hipster but I hate the faggots who say they love his music based off his worst +
offensive,"RT @DatDudeTorey: &#8220;@Aj_Swagggg: That ""boss ass bitch"" song got basics thinking they're models lmao #knowyourplace&#8221; &#128514;&#128514;&#128514;&#128514;&#128514;"
hate,RT @Ride907: If some little fucking faggot spits in my food I swear to god id tear your fucking arms off http://t.co/EQociANZ77
offensive,@Caliqueeen14 you da realest bitch out here Amber
offensive,I don't kick it with fuck nights and bitches
hate,@kieffer_jason oh am I lame but yo pussy ass didn't show up the fuck u talking bout oh scary ass white boy
offensive,RT @GreatScottnyc: All bitches is crazy.
hate,People are fucking retarded lol
offensive,@GabrielaAngela4 @DeliaParedez @StephyRae7 @TheOneMiss_Luu @Ramona_Pilar @rikki_lovee whatever Gabby! You hoe
neutral,"RT @DonnieWahlberg: Happy #BLUBLOODS Friday! 

Off to @CBSNews to sit down with the gang on CBS This Morning!

Join us in the 8 o'clock ho&#8230;"
neutral,*after BO1 RT @TheGodWriter_: @iDocLyfe Bruh lol I retired after mw2 because everything was trash afterwards.
hate,I hate when black people try and be white so bad ... Your a nigger
hate,I'm so sick of u niggers...
offensive,Bout to bust this bitch wide open. Such a waste of money!
offensive,@lil_TR1LL can't wait 2 see my bitch tmrw #gatsby #l00py
hate,"Lynch mob thugs threaten Zimmerman jury; &#8216;N*ggas coming for that bitch ass&#160;jury&#8217; http://t.co/XY6v2YtyAS The hatred won't stop flowing,,#War"
hate,I hate when white trash try to act like they're my equal. It only makes it that much clearer how white trash they are.
neutral,Free wop
hate,@ShawnIrwin9 okay closet fag
neutral,I from the planet of apes king Kong clips
neutral,"GUYS, I just walked into an office, and the secretary has a bird. Looks like I may just find out for myself. http://t.co/T9U4VGWJWv"
hate,RT @VillageBae: I hate when faggots talk shit on here then block me so I can't respond. Bitch I will write you a letter with my response an&#8230;
neutral,"RT @D_Sidbury_: &#8220;@lookwhogotit: All of Kate Upton's leaked nudes today &amp; more &#128525;

&#11015;&#65039;
http://t.co/BW7ldA56mI http://t.co/sWztntfdGn&#8221; bitch lo&#8230;"
hate,@marclamonthill will you mention why being called nigger is wrong(witch i agree with) &amp; bossy is wrong.but being called a pimp is still ok?
offensive,RT @kxllcity_: why do females think its cute too be rude af all the time and mean for no reason that shit aint cute bitch
offensive,RT @yungxprnce: Approach yo bitch like: http://t.co/UHMIME9psw
neutral,"RT @dril: night time falls. im ""corie latin"" now. a man of intrigue. i place a bird feather into my glass of scotch and i never do posts ab&#8230;"
hate,@austin_farrar your a fucking queer faggot bitch
hate,RT @anthonycampos23: Lebron your still a bitch you suck nigger hope you die
hate,Washing my coon hair
offensive,@Queen_Kaaat how about I just fuck you right in the pussy
neutral,I got a uncle through marriage dude got hips like big momma I swear all the lil kids mock his walk and he don't even know it
offensive,"Seriously, retarded is a really funny word."
offensive,RT @LeeniePunkin: Man fuck flappy bird http://t.co/QKk26wYVfC
neutral,"The punishment should fit the crime. For instance, if you take the last Twinkie you should choke on that Twinkie. Twinkie's are sacred."
neutral,RT @MeganCammalleri: Thank you to the Perkins student section for participating in the yellow out. We all really appreciated it!
neutral,Zack still questions my love for Oreos lol
hate,No one goes into psychiatry to help people. Those people are all immoral. Everyone who works in that field is pure trash.
offensive,Put ya hands up if you a Grade A bitch
hate,It's a lot of Uncle Tom ass niggas out here.
hate,@BillionaireCrow @Neelahrelates your what's wrong with the white race you fuckin coon slaying piece of poop please die alone
offensive,Just unfollowed another crazy bitch. Whos next? lol
offensive,@slone @JCCWatch Even that bitch has to admit something isn't right with our #SoCalledLeader.
offensive,But not prettier than Amber's. RT @YumiYoko: Her pussy is pretty
hate,@Huntermoore happy cuz I woke up white and not a nigger!
offensive,RT @imGuccinizz: Quit it with that you got hoes shit you ain't got a got damn thanggg witcha ugly ass !!!!!!!
offensive,RT @love_andhiphop: Stevie J proved that you can turn a hoe into a housewife.. &#128553;&#128514;&#128175;
neutral,"Posted a new song: """"guala"""" http://t.co/TbpOuto6zR http://t.co/y1RpItkIAf"
offensive,"This bitch literally just said ""normal people shouldn't work out in this gym because so many body builders workout here"""
hate,Faggot ass bitch nigga
neutral,FF has been consistently one of Marvel's worst properties. Ultimate FF was good; but the entire Ultimate universe is now in the trash.
hate,RT @Fucking_Garza: I wanna sleep but I'm outside with this nigger lol trying to hang him
offensive,@harley_schuder @ShitPussiesSay and you're a hoe
neutral,"""@WBUR: A smuggler explains how he helped fighters along the ""Jihadi Highway"": http://t.co/UX4anxeAwd"""
neutral,Went to an open house today &amp; the place was trash. Ewww
neutral,"RT @SBNation: Plenty of Kobe vs. Dwight trash talk after the game, too. http://t.co/YCwfrv7syX http://t.co/TRHYFjoIwc"
offensive,Lock 5 fat bitches in 1 room for 5 days with just 5 Mcdoubles. Now that's hunger games
neutral,Define wigga
neutral,RT @MemphisMSoccer: 50' 2nd yellow card issued for Temple
offensive,@JawShoeeAhhh @FabianMleal shut up bitch
hate,@AndrewJBurns1 @Tommy_Russell_ homo ass crackers
offensive,@ZachIrving I called people kikes and a lot of fucks
hate,@AnUglyNigga this is retarded
neutral,Three little birds
neutral,@Evan_P_Grant I can only hope Charlie Strong. #UTcoach
neutral,@SugarShai2 youtube bear vs monkey bike race!
hate,RT @602StrangeAngel: Your Swags off fag sauce
hate,i hate hoes.
offensive,I have officially earned my right to bitch about things for the next two years! Yay!
offensive,Spring is almost here.. &#171;@Me1st_u_last I realized that my collection of hoes has severely decreased &#128530;&#128530;&#128530;&#128530;&#187;
hate,@IamShady_ that's not even a real word! Must have hit a blunt and started making up shit with your nigger ass lol
offensive,@Big_Jim777 bitch
neutral,@sportswatch time to dump another diet coke in the trash
neutral,One mans trash is another mans treasure
hate,@_TurnDownDre @kushdaddycorr lmao you stupid nigger
hate,RT @alexishope_2014: You got niggas &amp; I got bitches but I want you... &#128149;&#127926;
offensive,RT @MandylouGraham: We put a redneck in the White House it's gonna be the camo house. @Moccasin_Creek &#128521;&#128514;
offensive,"""@_iwantfranny: He's a hoe , I can't"""
hate,Stupid white people making my posts relevant to they own life #stupid #cousintoucher #honkie #whitetrash #blonde
offensive,"If you're gonna be a hoe, then don't look for relationships. you lost that privilege when you decided to be a hoe."
offensive,"@Cyberobama @eReIevant 
plot twist he is a faggot"
offensive,Damn.. lol *CENSORED* RT @jwill252: Redskins Bitch!!!! Lets fucking go fuck the eagles we bout to burn that bitch down!! HTTR
hate,"RT @vodkapapixo: Black girls have never been into me. I guess cause I don't call them hoes, sell drug's or shoot niggas o well."
offensive,@_PRAWDA_ dying? oh bitch. exit my mentions. her last era was huge. #1 album. #1 tour. golden globe (cont) http://t.co/gkuJXIaDep
offensive,Cutler less skill at QB than a retarded quadriplegic
hate,Little fucking gook who smells like shit. An than thinking they're the motherfuckin boss. THE FUCK!
offensive,These hoes going BROKE trying to look RICH. ACT your WAGE!
offensive,@GorgeousCamry_ fight or nah dumb bitch &#128530;
hate,"8/16/14 MO @GovJayNixon let &#8220;kill some crackers, kill their babies"" New Black Panthers hijack his #Ferguson presser http://t.co/z2Wko9Ripz"
offensive,"RT @NiiqueBaby: ""@FreeFaceRidess: She has cancer &amp; is still killing half you hoes http://t.co/IYuIUHqR0l"" jus cuz you have cancer dont mea&#8230;"
offensive,The baddest bitch in the world followed me on IG today and started liking all my pics. I aint even all that attractive so I know she catfish
offensive,RT @DearLeader10: You value yourself because someone gave you a title. I value myself because bitch I'm clutch. I win.
neutral,top layer trash.
hate,What a fucking faggot
offensive,Only for one reason cause a bitch wont go gay . If your name nt smurf . I see noone
hate,Next time u gone call a darky a nicca..call dat coon a jungle bunny#Boondocks P.S. I... http://t.co/ug647wUIE4
neutral,"Decent trade for the #Yankees, a proven veteran #Ichiro for some prospects"
offensive,ion have hoes so really you have no reason to worry about me cheating. if anything ill cheat on you with my left hand lbr
neutral,"Dude was talmbout ""I don't know why everyone hates Nickelback!"" Because they're trash, that's why."
neutral,"RT @KHOU: Charlie Strong took the longhorn logos off his players' helmets: They have to earn it back.

&#160;&#160;&#160;&#160;&#160;&#160; http://t.co/HvNUJT6Ss2 #Sport&#8230;"
neutral,"RT @T_Mart88: Jaheim, Donell Jones, Lyfe Jennings, Ginuwine, Charlie Wilson, Dru Hill, NEXT, Jodeci, Tyrese and etc ...... bring THAT type &#8230;"
hate,@sizzurp__ @bootyacid @ILIKECATS74 @yoPapi_chulo go back to lego club faggot
hate,I never had any friends the entire time I lived in #Virginia. No one was cool to me. I hope those white trash Southerners all die.
neutral,#gouache #inktober #oldpainting #mt #tiki #wahine #surf #monkey #bright #happysunday #peace wishing&#8230; http://t.co/l73hiK0IZ8
offensive,"Like my 3rd grade teacher used to say, ""you either eat pussy, or you are one. what's it gonna be?"" @JBilinovich @JZolly23"
hate,RT @Unorthodex: Nah I hate white people now since he looks like a dyke RT @ElBasedParko: I think he just ended racism http://t.co/VgjYHn4bvt
neutral,@boxingscene @RPopBox @BronzeBomber @boxing this Charlie Z really does need mental help check this out http://t.co/CkBS6WcZu1
offensive,"Idgaf if that's sounds illogical, this Twitter bitch."
offensive,RT @ogkels_: brought to you by bad bitches and good weed
offensive,@lilylovescamel @auroraabartlett I like that your room isn't a big sloppy mess like most of these Twitter hoes
hate,"RT @NIGNORAMUS: Here's how your ""suggestion"" plays out @piersmorgan 

Racist: ha, those niggers stopped callin each other nigga 

The end"
neutral,RT @bjs5555: ELECT Democratic Nominee Amos Powers @Powers2014 2 #Congress #TN6 DEFEAT TEA Diane Black #Red2Blue #TNTweeters #CIR http://t.c&#8230;
hate,"Funniest yt comment I ever received was ""Niggers gonna nig *shrugs*"" .. lmao racist muthafucka caught me off guard"
hate,@Fit4LifeMike @chanelisabeth hoe don't make me put up screenshots of your texts to me hoe
hate,@coffincreepxx you had to throw in the faggot word smh smh smh
hate,RT @JManziel2: &#8220;@RealZachK0enn: @JManziel2 You're a faggot&#8221;you're a Texas fan...
hate,"@ItsMander @kfc
You can always gets da colored folk back in da cage wit da KFC"
hate,@heyrmbr probs that fag Vhia
neutral,Am I the only person that feels disrespected by the bird poop suddenly dropping on your front window:(ewww#annoying
neutral,I have a feeling tonight will be trash.
hate,@mflagginski I live in the eye of a white trash hurricane. Milwaukie OR. Where people use bikes BC of DUI's not to save the environment.
neutral,WashPost Describes Charlie Crist's Bizarre Obsession With Fan Between Legs To Stop Sweat When Asked/Answering Questions! DoG
hate,I hate all these industry fags. I hope they all get the Nigerian Summer Flu
offensive,Your bitch playing games? I may be the joystick
neutral,@fairflattaxnow discredited by whom? Per the government the study is good and factual. Pay your bills moocher teabaggers and republicans
hate,this guy is the biggest faggot omfg
hate,I think this nigga retarded G
hate,Don't mind black people.....hate niggers!
neutral,"RT @NDFootball: Winston connects with Greene on the slant across the middle for the score. Ball game is tied, 17-17."
hate,stupid loose pussyed bitch
hate,This niggah know wassup
offensive,@CayMarieee bitch
hate,@RedNationBlogga fuck those faggots
neutral,"Welcome to our land of dispossession! http://t.co/v14jkTLZ Check out the evil, racist whitey sitting on steps etc. ""Reconquista, Woo Hoo!!"
hate,It really is too bad that #California had faggot marriage forced upon her after her citizens declared it illegal.
neutral,"@hardball @now @hardball_chris now jimmy want to talk trash would've ,should've, could've now, Chris stop talking and spitting!!!!!!!!!!!!!!"
offensive,These hoes ain't loyal &#128075;
hate,The leftist/homosexual war on the #Catholic church kicked into high gear with the infiltration of the priesthood by boy-raping fags...
hate,@heyyayled do i have to repeat myself u white trash
offensive,Lol niggas still be talking about me threw bitches smh
neutral,@valerie91097 uhh messi trash . and im flattered but what was the games scorre
hate,RT @SAMMI_boyden: Fucking James tried to tell me Jawga Boys sucked. I went ape shit dude @savanigga @OfficialDThrash @jawgaboyz
offensive,I think you're in a bad mood from munching on hairy pussy.
hate,"""@TheoMaxximus: #GerrysHalloweenParty http://t.co/3ycrSrnjHc"" Halloween was yesterday stupid nigger"
hate,@BloggerBoxing @rianscalia pass the Fosters faggot
neutral,"Every time I play a Patapon game and hear the ""Ushishi Theme"", I think of a beatboxing monkey. ""YO YO YO GET UPPA!!!"""
hate,"@Misplaced_Momma 
She be what we say in da hood white trash"
neutral,Foto: mimiblargh: ok pls consider this: kingdom birbs (can u guess who is who and what birds they are???... http://t.co/NWjUmmEWNJ
neutral,@blackrepublican how long after the name change will al memorabilia w/redskins name be deemed racist and therby illegal?
neutral,Surrender of Divinity - Conquerors of the Apocalypse: http://t.co/9Qv5RsY1p3 via @youtube &gt;Oriental Black Metal Hell!!
hate,"RINO trash like @SpeakerBoehner, @KarlRove, @FrankLuntz see conservatives as the Democrat Party see blacks. As their slave property. #tcot"
neutral,*waits for Fanduel to hit me with the jig*
offensive,How do you bloke someone on insta?? Dumb bitch scares me
neutral,@daishialopez how could you say such a thing woman?! You have two functioning chest tables to hold your peanut butter and crackers!
neutral,"So I've been pretty paranoid about the cooling weather bringing about an abundance of birds in Austin, NYC and Philadelphia."
hate,Good Mernin faggots http://t.co/3ZPTPqFkTl
offensive,RT @relatabowl: bad bitches http://t.co/jz9ItvJck0
neutral,RT @davidcomanhidy: It is well known that @centerplate supports cruelty to birds. #saveanimals-sign this petition: http://t.co/t07KZ5myEv h&#8230;
hate,Told my dad to go buy cookies for the graduation reception...this nigga bought Oreos.
hate,None of us went to these PRESTIGIOUS establishments so we're clearly not as superior as these fucking retards...
offensive,"""@AutoWorId: Hennessey Venom GT &#128584; http://t.co/i8eGMnKaJ9"" that's one sexy bitch"
neutral,Should #Oscar go to @AndySerkis or #Computer that turned him into an ape? http://t.co/oWgoCjxpXs NO...The #ComputerScience major #Movie
hate,"@midgetmadz shut your dirty dirt trap you limp knees, ashy footed, blue balls, isolated hamster wheel, no nipples bitch"
hate,@luvvida You're right.. I be around my nig....
hate,"""Why people think gay marriage is okay is beyond me. Sorry I don't want my future son seeing 2 fags walking down the street holding hands an"
offensive,"RT @CountOn24: bitch you love every team but the US lol RT""@rihanna: This is the game I've been waiting for! I sincerely LOVE both of these&#8230;"
offensive,RT @CrownHer: Takes a ho bath RT @1stZodiacSign: He's terrified of water. How TF does he wash himself everyday? lol.
neutral,cookies and crackers aren't even on the same level!
neutral,Beautiful Fairy Elegant Dress http://t.co/ouxWbYTUt6
hate,And I wanna say something SOOOOOO bad to these two cunts on Twitter eh..
hate,@sassyharryballs ugly white bitch
neutral,RT @VersaceAmeezy: Austin is so cute like look at him all excited because he got Oreos http://t.co/0mK1W8Reak
offensive,"I'm pissed off bitches on my dick but shit my dick soft
CAUSE THE WAY YOU CARRY YOURSELF GOT ME TICKED OFF I ain't tryin to be Rick Ross..."
offensive,@VG3_ what pissed me off is as males WE JUDGE females pussy. How you gone judge your own get mad and deny its loose because YOU have a gap?
hate,Members of non-traditional religions are all sub-human trash.
neutral,Egypt? R the muzzie Bros still running things? .@PeterClifford1: @TurtleWoman777 Only a tad better. Certainly no respectors of Dem though
neutral,Kentucky Fried cater to da white folk. No colored menu
offensive,"RT @Griff_TheGreat: Drake said it best when he said ""Niggas act more like bitches these days!"""
neutral,"RT @usmntHistory: On this #USMNT day 2014, the Yanks advanced out of the #GroupOfDeath despite a 0-1 loss to #GER."
offensive,@FRANKTHEFOB ok u hav gun. I love you and you are my superior at fighting games and you probably get more bitches too. peace &#9996;
neutral,@DannyMndz93 @Titan21Mtzzz he's still a pogue though
offensive,Arturo keeps calling me ghetto &#128532;
offensive,"RT @CauseWereGuys: Call a girl a ""bitch"" and she'll get offended but if u put ""bad"" in front she'll swear she's a queen"
offensive,Modern day singers talk about the same shit rappers talk about lol....hoes
offensive,Before the madness with my single bitches. &#128527; http://t.co/FLDe7S4SLC
offensive,RT @SashaNexx: I found a mega-carrot at the store today! 50 retweets and I'll shove it up my pussy (; +pics!!! http://t.co/LyMLqUClwJ
hate,"Peace fags, just remember I'm best Lux support NA. Drop LustBoy pick me and Kakao up TSM."
neutral,"""@worldtraveIs: Baby albino &#128034; http://t.co/2tYTQJ3fec"" @Meeeesh1395"
offensive,RT @Antonio10_C: Yo mother(dedication hoe) - rich homie Tono feat. Childish Miguelito &amp; young patty.....coming soon #sorry4thewait
hate,Can #faggots of #HoneyBooBoo imagine this #internet world was created to trap them and feed them to #Allah like gazelles? #IT #StephenKing
neutral,dont make direct eye contact with anything..birds cats nothing lol RT @EVBY_HATES_ASH: I'm going out west to bu (...) http://t.co/oVpwk9I3
offensive,When a real niggah want you
hate,guy complains to me: #gays are over-sensitive... my response: and look at you complaining like little pussy. waahh waahh #hypocrite
neutral,"RT @alicia_garcia3: ""That's why God made brownies. To replace boys."""
neutral,RT @NFL_Memes: Buckwheat and Porky http://t.co/bo96nelS2P
offensive,RT @prettykells: &#8220;@100046729: @Leelucas_ bitch you not coming http://t.co/GXpfoLusXB&#8221;&#128514;&#128514;&#128514;&#128514;&#128514;&#128514;&#128514;&#128514;&#128514;&#128514;&#128514;&#128514;&#128514;
hate,Im soooooo tired of this dick dyke showing up on my fb feed. Real studs dont fucc niggas. Just be bisexual.
hate,@Brizgotti These new nigga hipster hypebeasts love all these faggot ass bright colors and Nike keeps giving them what they want smh
neutral,@Ilovebamf Whats it say... I see bird in it... Lmao
neutral,"If you've ever been to drunk to fish, you might be a redneck"
offensive,Lmaoooo RT @Hand2DaHairline: His sister probably got the pussy that night RT @No_Cut_Card: #NeverForget http://t.co/HkXEbFWDYz&#8221;
neutral,Best rider? That goes to a blaxican.
hate,@maliktender gayer then 2 faggots in bed together&#128129;
neutral,Brownies brownies brownies
hate,"@realDonaldTrump he looks like reg. Memphis,tn. trash! we got them everywhere."
hate,"Just watched the scene in zero dark thirty where they pop Osama's bitch ass 
#U #S #A"
hate,Smh hate that hoe
neutral,"@BeeKayNS alas, I am proficient in neither. my skills are limited to pointless stat memorization + trash talk."
hate,@Nien_Nunb what did you search? Gay redneck episode 1 play?
offensive,The hoes aint classy no more more like trashyyy!
hate,"@jennybaquing so terms like honkey, cracker, peckerwood and stereotypes of white people fucking their kids and sisters isn't racist? sweet!"
hate,@Oskzilla fuck you niggah you gay. Lol
offensive,RT @xBrandi_: Only real bitches suck dick
hate,"RT @KillAllSimps: Miley Cyrus pussy probably taste like wet dog, she has a negative ass, and the bitch looks like Justin Bieber, she so ove&#8230;"
offensive,"RT @KaliKushDoll_: Lol foreal yo RT""@Damiah_daddyx3: Lmao, I fucks with @HaveMercyyy &amp; @KaliKushDoll_ real talk, them bitches know h ..."
neutral,"if ice jj fish gets all these looks , who really trash me or him"
neutral,@louisck a video i made -- Porn Actress Sexy Capri Anderson Kissing Video with Charlie Sheen http://t.co/VTH4r762 via @youtube
offensive,"RT @WElGHTROOM: Rows for the hoes

Curls for the girls

Planks for the skanks 

Deep cuts for the sluts

Quads for the broads

No pecs No s&#8230;"
neutral,I think I'll have salad bar for lunch today. Gotta make up for the birthday brownies somehow... #LastHurrahThenDietStarts
neutral,RT @virleehol: @cbinflux Well we sure as heck know how to read. I'm reading the trash right now and almost everything I've heard on the web&#8230;
hate,"RT @ASAP_Ford: I hate when a nigga ask me ""Where the hoes?"" .... Nigga idfk !"
offensive,@Nautiwashere these bitches drippin sauce
hate,@tori_mills02 I believe that you fuckin can punk nigga bitch&#128520;&#128170;
hate,Mayweather is a pussy hes only winning cus he picks his fight and he picks the nobody fighters . #fightPacquiao @FloydMayweather
offensive,This bitch takes bitch to another level
offensive,"Just smile, bitches love smiling :D"
offensive,The way Hawk Girl did Green Lantern is why I do not trust these hoes nope
hate,"Subtweet me one more time, you dirty chink whore"
hate,God I would sell both my nuts to watch LeBron tear his ACL right now and watch all those pussies kill themselves
offensive,It stink in this bitch it must be them pussy ass niggas talkin shit
offensive,Just called a 6'5 basketball player out for the fade on twitter cuz dat pussy nigguh live in Georgia. Come get me bitch
offensive,sup bitches
hate,"""poor whitey"" http://t.co/3UkKeyznz8"
neutral,"RT @metroadlib: i thank every broad in the universe who takes that step forward &amp;puts colored contacts in her eyes.
that's one less person &#8230;"
offensive,@Buckm00se post the bid where you tell that nig to use the jab
hate,"RT @Tiqqz: @ShinSnipes i woke up with a sore throat, im cold, niggers will be niggers. so terrible"
hate,@EleyCome_EleyGo @caykelly16 movies don't matter as long as you do coon shit with coons you're a nigga!
hate,"@AmericanWhiteHM Those niggers disgust me. They should have dealt with 100 years ago, we wouldn't be having these problems now."
offensive,&#8220;@daijahshardaee: &#128514;&#128514; @100046729 bitches so late &#128564;&#128129;&#8221; ion exposed &#128514;&#128564;
offensive,Got all the black bitches mad cuz my main bitch vanilla
hate,If yer gonna continue to be a contrarian bitch... go die then. I've no time for such trifling!
neutral,Selling ex lax brownies in front of Meijer to pregnant women. #GoodDeed
hate,RT @uncledaddy69: @weakenednachos California's biggest retards. Don't forget about HOLY who just released an amazing EP.
neutral,How is Angry Birds the movie going to work? They're just floating bird heads?
neutral,@whits_20 @AjalaPilgrim Yankee? &#128530;
neutral,I'll be a Yankee fan forever
offensive,RT @JonahAir23: money over the best pussy
offensive,&#128557;&#128557;&#128557; RT @tryna_be_famous: Brees been trash since this.... http://t.co/EvYSf5JFkt
neutral,#uppers loving the show this morning. Chris is directing the conversation beautifully. Make the teabaggers talk!
hate,People who live in #theNetherlands are unwashed trash.
neutral,@DHSJournal I run CP in our community. Local cops treat ppl like trash for that. I hate it. Makes ppl think its a waste
neutral,"RT @_wintergirl93: I don't wanna hear Sgt. #Tahmooressi's name come outta the Preezy's mouth. He couldn't be bothered then, keep his pie ho&#8230;"
neutral,Sixten just shoved like 8 Oreos down his throat
hate,@pombuenaa I'm surprised you could read it with slits for eyes
neutral,RT @Royals: #Royals win!! KC with a 2-0 blanking of the Yankees to take the series in the Bronx! #BeRoyalKC
neutral,"&#8220;@wizkhalifa: On the east coast there's colored hair everywhere. 

This must be the sweetest wave ever.&#8221; @LayaFace"
neutral,RT @LifeAsKing: New Orleans is still trash
offensive,RT @KCamp427: Bring her round these slums..... Yo hoe will get slayed....
neutral,"RT @RapBars_: Joey Badass said ""Traded in my Nikes for a new mic, I guess it's safe to say he sold his soles for a new life"""
neutral,RT @ChrisPalmerNBA: Udonis talking some big trash to Lance. LeBron holds him back.
offensive,RT @DonDelarente: I think if Biggie saw Kandi Burress today he would change his mind about not fuxing one of those ugly as Xscape bitches
neutral,Lmao RT @iPOSTBADTWEETS: Lowkey Peyton Manning trash
offensive,@MichaelSafady only if you're a twat as well. Be not a twat my son.
neutral,RT @ShelleT1986: Great start the morning! My daughter danced herself into the coffee table and gave herself a nice shiner... Yea she's a wh&#8230;
hate,bitches be like i'm mixed wit Italian Chinese nd African American I be like bitch just cuz you ate ur&#8230; http://t.co/ZdWd3l8M
offensive,"Tarantulas are dope but the spiders that are small n can kill you.. Fuck dat RT @BkRaised718: Spiders arent scary, sheesh y&#8217;all some pussies"
offensive,then yall tweet about not trusting hoes like that shit ain't common sense already
hate,"&#128514;&#128514;&#128514; i just said that RT @BoyThats_ARYAH: My TL gotta chill with this pretty face challenge foolishness, y'all hoes agg"
offensive,"@KenSuttling Mr.Cox,the Chase me Charlie of his day.Bend over boy,while I conjugate your A**e"
hate,RT @sheemteam97: Fuck the Islamic State!! We will kill those cunts&#127468;&#127463;
neutral,RT @FallonTonight: Jimmy and @BillyJoel's two-man doo-wop performance just went live on YouTube! https://t.co/NGzhImyvSF #FallonTonight htt&#8230;
hate,@joshgnf @brana_nv @define808 @ironbjk @mrjstn oh shut up faggot get a disease overused on twitter
offensive,Damn...payback is a bitch
hate,"Fat ass inbred rednecks like Paula Deen are breed that are going extinct. I mean look at that woman, I would hate to be her scale."
neutral,The Yankees still suck! @nikaaaa3
neutral,"RT @49ers: Oregon State WR @brandincooks is a popular #49ers pick in recent mock drafts. 

DRAFT TRACKER: http://t.co/AEueKmhkQX http://t.c&#8230;"
neutral,RT @LadyMercia: Mother of Manchester 'terror twins' who went to Syria to become Jihadi brides snatched by ISIS ... http://t.co/trhNMdVnCM v&#8230;
offensive,"BRUH lmaoo &#8220;@NoBeeetch: Them hoes was nasty but I kept eating them ""@roblockk: What the fuck happened to these? http://t.co/G9w10SmQdr""&#8221;"
hate,ion speak on how flaw niggas and thirsty hoes be on I.g but boyyyyyy look at here &#128586;&#128586;
hate,I really get upset when my lightskin friends have another cute dark skin sidekick..like Im supposed to be the only cute darkie u hang wit &#128545;
neutral,PND is my jigga man.
hate,RT @NerdAtCoolTable: RT @RealSheemBacc: For every bad bitch there is a nigga who treats them like shit &amp; yet they stay..... I wanna ...
hate,I like taking niggas hoes but I stop doing that &#9995;
hate,@hunterbuch66 @kieffer_jason @sbsylvester yo fat ugly ass couldn't even pull the ugly bitch in the school
offensive,@PERRO5070 bitch tits
hate,@prettygrl_rocky ugly dyke
hate,This week's RFN segment is in the can. I discuss Idaho being a faggot marriage state just like Washington.
hate,"I wasn't calling you a faggot, but you are one lol."
neutral,"Maybe @barackobama is colored blind with his 'red lines' and all. Tough talk, no walk. #tcot"
offensive,bunch of pussies
neutral,RT @BenTateRB: This is crazy no RB picked yet. A RB won ROY! 2yrs ago RB was MVP. Ppl 4get how important our position is. This is insane ho&#8230;
neutral,@MidwestXPride have her learn the first 30 seconds of Flesh and the Power it Holds- Death. That riff would be cool for a bird to do lol
neutral,Lmaooo naw man RT @DipOnline Yo want in RT @HumbltonBanks: U serious bro?? lol RT @CheezMoeJenkinz 2-3:10am early bird special
neutral,WTF I'mma do about my legs Charlie Murphy...
offensive,"RT @mckinley719: ""@wizkhalifa: Pretty bitches rep Taylor Gang"" #Hollah lmfaoo"
neutral,"People, RT this picture far and wide, if for no other reason than it makes teabaggers with poor spelling really angry http://t.co/gygRzYCIjq"
hate,@Brenddan_ they said some bullshit. Damn niggers
offensive,"Suzan are you really going to make me get off this sofa to find some damn silverware, by golly you old bitch."
neutral,RT @alexlundry: Charlie Baker!!!
neutral,Cleveland is the best team for manziel honestly the OC can use the offense he had with the redskins &amp; the browns D is nice wit a def HC
neutral,@Titan4Ever2488 some Mets fan tried telling me Rivera isn't of the best Yankees of all time because he is just a closer. WTF
offensive,darf retarded lol
neutral,RT @SullivanMcPig: If those Captcha pictures get any more fuzzy I'm going to need a bot to decipher them
offensive,"You know what, all you are doing is being a burden to me. A fuckin annoyance and I hate bitches like you"
offensive,"Got my own place , pay my own bills &amp; rent &amp; 2 jobs. Tf am I worried about a next bitch for?"
neutral,This bro is just rippin apart a bird about 10 feet from us.. #redtail #hawk http://t.co/tjAnr2pB
offensive,"RT @dallywaggz12: I may be a bitch, but least I keep it real."
neutral,@RudyJay711 Asains had to take the Wu Tang Clan; the draft was suppose to be for half breed like me and @MikeTaylorShow #FallingInTheDraft
hate,@phreshagu_25 yeah you right and you know them Mexicans bringing all they family that hoe finna be packed
neutral,@PowlengMawi yung nakalagay sa second page ng handout na may closed ended questions etc. Tapos lalagay sa 1/2 yellow pad
hate,@AtBlackface @MrMooncricket @UncleUnco @BobbyBotsods @FuckTheMallcops @RacistNegro69 ape? Fuck u broke ass racist
hate,RT @SalamanCode: Proof that thots are retarded. http://t.co/rHJSlL9i9f
offensive,I give my niggas hope and sell these bitches dreams!
offensive,"&#8220;@SukaSuiti: ""@uce_INA: Nawwww If you a hoe you sittin on the floor and not my damn couuuuuch&#128131;"" but your birthday is in Feb or naa?&#8221; Nope"
offensive,@ianbmaggard @kade_melton im going to miss that big nig
hate,@kieffer_jason bitch was i talking to u stfu and get off my page oh bitch nigga u bout that life
neutral,"Whipped cream &#9829;,&#9829; #endlesslove"
hate,RT @NYTMinusContext: kill whitey
neutral,"""@FloKid88: As long as the Lakers trash from now on, I could careless. And that's real."". CC: @BENBALLER hahaha"
hate,@Oskzilla fuck you fag!
offensive,It be 30 below zero and hoes still go out like its 90 degrees plus tax
neutral,RT @whisperdispatch: Charlie wearing the 'Don't Tread On Me' flag pin? Every Dem should show up in Congress in 2015 wearing that @ESQPoliti&#8230;
neutral,@DevilGrimz ironic that he's a trashcan because he holds trash everytime you two cuddle! Burn.
neutral,RT @5SOS: It's the best thing ever driving past crowds of people at shows and seeing bandannas coloured hair 5sos shirts that you've made o&#8230;
hate,@WhosJuly 1) He's a faggot and I don't like him. 2) I'm on the other side of the state.
neutral,"#HolySpirit Joshua 1:3 Every place that the sole of your foot shall tread upon, that have I given unto you, as I said unto Moses."
hate,"@t5_harris Are you working on route running and catching. You'll be a good WR for Grier. Have fun with the white trash, racist UF fans. #FSU"
hate,RT @MANIAC3X: @NotoriousBM95 @Woody_AFC @_WhitePonyJr_ @santi_4l @Bamoose12 start crying and stalking him faggot. I want to laff
neutral,#PacerNation 4/4 on the road! Perfect way to continue after #iubb have finished #NBA #Pacers #indiana #hoosiers
offensive,Holy sheep shit I haven't been on instagram in a coons age Im seeing pictures from like 20 weeks ago haha
neutral,"First ""#tbt"" best and drunkest Yankees game ever #wheresColman #everclear http://t.co/pKnLCylu"
neutral,@BNightengale @FeinsandNYDN Time for Ranger scouts to head out and watch some Yankee prospects. #rangers
neutral,Just saw a crow gallop across the road. #mmkay #wut &#128514;
hate,"@teenagesleuth .we got 1, except eric holder gave them 2 the beaners 2 kill americans! guess he is race blind!"
hate,@bellaangeletti ur a fag
hate,"RT @wisdom_spewed: No, you stupid redneck, ""Animal Husbandry"" does NOT mean you can get hitched to your blue tick hound, Misty."
neutral,I am extremely sad to have to admit that some of the best 21st century Arabic rhymes have been written by Jihadis
neutral,"""@RachieSoul: @DizzleOfficial inna di ghetto!!!"" You alone lmaoo"
hate,"Somebody please choke that fucking retard that keeps yelling ""mashed potatoes"". What a tool! #PGAChampionship"
hate,RT @KoolQueef: I color my entire arm black with a sharpie and fist my wife's asshole just so she knows what a nigger dick feels like.
neutral,@Johnny3_ @HPGuilty trash ain't it
offensive,"&#8220;@yohidef: cool story bitch, now pass the blunt&#8221; @EvanBecker513 bitch"
hate,"""ayo i even kill handicapped and crippled bitches/look at my scalp real close and you'll see triple sixes"""
hate,"Gave her that ""move it lil nigger"" push smh.. http://t.co/EKdSI8pQdD"
offensive,@kieffer_jason wtf u think u ole pussy ass nigga
neutral,i was pulling for the #redskins in that one
hate,&#8220;@alicia_688: You aint special niglet RT @Vice504fly: When I'm chilling wit Greg ppl walk up to me to ask me to take pics&#8221;hatin
hate,"He ain't shit girl, &#128175;he a bitch made nigga !"
neutral,@tayscalf must have run out of brownies
hate,Bitches be having a nigga but want to be another nigga WCW bitch it don't work like that
offensive,@SeQuoia_Gabris yeah hoe!
offensive,I'm a stretch that pussy out
offensive,oh.... Trash you say... This trash gonna keep driving thru ky.. &#8220;@corey_emanuel: @LifeAsKing she's trash. Just gotta ignore her.&#8221;
hate,@_Nadiaxo fags
neutral,@ThatChrisEckert Gobble de gook
neutral,Ciara not a ghetto name.. Well kinda but it&#8217;s not &#8220;ASHANTI&#8221;
hate,"Dear Utah Polynesians: Again, stop acting black and speaking ghetto. Speak FOB, you ain't no ghetto niggaz."
hate,You can't owe me shit ion trust niccas
hate,@michaeldbirch What else do you expect from that nigger lover?
offensive,I'll be stripping off layers of clothes the instant we get back to the gate. It's hot as Satan's pussy on this son-bitch
hate,@Gutierrez_Alf legit retard
hate,"RT @Cuzimdaddy_: !!! @5feet_0inches is dis wrong??? ""@_100d: If you fuck wit a lame nigga you a lame bitch"""
neutral,&#8220;@KarynHalpin: Where do all the foreskins go when they circumcise a guy?&#8221; the Foreskin Fairy takes them after you put them under your pillow
hate,"RT @AnthonyBialy: Well, Maryland is just a bunch of hateful rednecks, anyway."
neutral,1996 and 1999 World Series Rematch: #Yankees #Braves
neutral,@josephljenkins Have heard some hillbilly grumblings that bugs worse in recent years because of MIC shutdown.
hate,The #south of the US is white trash.
neutral,@megann_17 you should make me brownies!
offensive,RT @AyyyeThatsChubb: Mama said no pussy cats inside my dog house
offensive,Will you sell that pussy for me ?
neutral,Shylock &amp; Wongs: 3 Incidents of Democrat Bigotry In 3 Weeks - Media Mum http://t.co/rX8ynPg1Yd via @BreitbartNews
hate,RT @_missvain: Lmfaooooo &gt;RT @sirTurn3r: Lmaoo Thats what u got from this? RT @waddupivy: Dougie be yamming the coon all that beat boxing &#128553;
offensive,"Jameis Winston got benched for standing on a table and saying ""Fuck her right in her pussy"".

The irony is so deep you can use a shovel."
neutral,RT @monogrammedprep: God is a Yankees fan. #FarewellCaptain
neutral,@Midnight_Snacka @Nick_504_ u look like that fat kid on Charlie walker the that got stuck it the chocolate tube.
offensive,"You can call me a bitch, OK! But a the thief get out of here. Smdh"
neutral,"RT @skullmandible: Now Call Down Your Dark and Your Cold and Be Damned, Charlie Brown"
hate,@StarIsTheFuture you call @GOPBlackChick house nigger and she's the racist? Fathom the hypocrisy in that statement.
neutral,"RT @Mobute: Rick Scott vs. Charlie Crist is the worst gubernatorial election in America, and it's the face of our ugly future. http://t.co/&#8230;"
offensive,RT @LethalBizzle: Suck yo momma flappy bird!!!!!!
neutral,So I'm at #tedgibson and Ted is getting his hair colored right beside me. Heeeey!
offensive,"' Ima pull up , eat on that pussy and dip &#1041219;&#9996;&#65039; ,"
hate,"RT @SteveStfler: ur a faggot if you change your name to your bday just so you can get bday tweets. this aint FB nigga, fuck yo birthday"
offensive,"@Heather_Poole I go for the most direct flight, then by price. Over and done with layovers. Flying is a bitch enough."
neutral,@shanetallant he won't bite! We promise he's a friendly bird :)
hate,RT @Wayne__Da__Boss: I hate a bitch dat act like a nigga. &#128530;
offensive,I don't talk to niccas I talk to god we can relate
offensive,Said you a mean bitch
neutral,"""@ayyee_ceee_: One mans trash &#128686; is another mans treasure &#127942;"""
offensive,&#8220;@Cinnnthia_: I'm just a bitch for no reason. I think I'm funny sometimes&#8221;
neutral,I grew to hate blonde and primary colored weaves but that wouldn't stop me from requesting some good mouthwork.
neutral,I just saw a man have a actual conversation with his bird haha
neutral,The jigg is up
hate,RT @NRoth44: Wow the stupid nigger in LeBron really came out there
neutral,"RT @BiertempfelTrib: One more from @JimBowdenESPNxm: ""Yankees wouldn't be letting Polanco sit in minor leagues, because they're all about w&#8230;"
hate,@JOLTNG niger
neutral,@SteveWorks4You Stockboy...everyone mocks you.
hate,Ion care fuck that hoe &#9996;&#65039;
offensive,Jus a D nicca n the A!
hate,"If you would have followed George Washington in 1776, it means that you're white trash."
offensive,It's fact that a male brain cannot always hear the high pitched voice of a women.. So bitch don't get mad..I really didn't hear you!!
hate,@PrayForJack new york niggas quick to take off on a bitch in public boy lol!!!!!
hate,"Brady heard yall say he was washed, now he washing the league on you hoe ass niggas."
neutral,RT @ImaPlainJane: @SimplySoulful Uncle Charlie and nem lol
hate,Your pathetic plan failed. Enjoy my phone you fucking monkey. Let me see your ass at Benton park. You wanna talk shit I'll carve your face.
offensive,RT @pandaapussy: The day I have clear skin will be the day I'm the happiest cockiest bitch alive
neutral,@urbasicyabish nigor??
neutral,@Josh_Ward thuggery? Cheating? Talking trash? Who's doing that besides Jameis? And isn't ND in the middle of cheating issues?
neutral,Damn Joe Buck just making it sound like Greinke was trash when he played for the Royals. Chill out Joe.
hate,"Accept your flaws and imperfections because that's what makes you, YOU! See I'm a fuck, small dick faggot with parents who don't love me."
hate,"@DaRealAlexInLA @Woody_AFC @Rodriguez5_ the nig is fun to watch got to admit, ebola boy can speak broken Spanish too lol"
neutral,Wicked Oreo
offensive,RT @NickCoyne001: Guys who tweet shit to get a bunch of favorites are on the same level as hoes
offensive,@SammyLightning_ I roll up to a bitch an dey like http://t.co/ja8t60VgGE
neutral,@asiahh__ nah I replied to you like I did to literally everyone else who called it trash... Go and check if you don't believe me
hate,So niggers really believe Phelps just smokin on a regular huh? Tell me now &amp; I'll log off for the night
neutral,"'Forget to salute,' trash the other guy for the 'bad war' (during Cairo II), sympathize w/ 'Pockistan,' gays hurting morale. Thanks King!"
hate,"@LobstrThinkTank Yeah! Me too. My people, the women, laff at the set apart men... they love the real niggas or niggers."
offensive,@REAL_Kaysavage that bitch was going or nawl
offensive,RT @the_ironsheik: Justin Bieber win Oscar for suck my balls you dead dog midget dick son of a bitch
neutral,Suddenlink is trash. Y'all know how important Bubble Guppies is to our day?
neutral,".@dawnbazely Thank you, Dawn. I see our state bird graces your avatar..."
neutral,"I hope the Yankees get Soriano, shoulda never gave him away for Alex Rodriguez"
hate,Fat ass hoe holding up the machine
neutral,Someone probably told him 6 God was trash.
neutral,"RT @OmarImranTweets: Media be like:

*Muslim whale attacks US Navy*
*Muslim tiger attacks Zookeeper*
*Muslim bird attacks Eiffel Tower*
*Mu&#8230;"
hate,@milfmob @yoPapi_chulo fight me you fucking obese niglet
neutral,"Jindal seemed to be having an out-of-body experience enhanced by special brownies
http://t.co/W0cyEcqKLo
Bj Up and At 'Em
#stribpol #mngop"
neutral,"What an amazing, proud day it was today for @NKOTB and #blockheads! Time for bed! Good knight!"
neutral,@NoHazardNoParty @PiBBzYx @piersmorgan @Jim_McLaren I can't wait for the day they take them be a boon for the entire nation
offensive,@AbusiveMen You're a fucking pussy
offensive,RT @Coolie_GBE300: When the side bitch try to approach you in public. http://t.co/GbbIob1Ots
neutral,Darkies DGAF! RT @Maxin_Betha @80sbaby4life gotta chill wit his yellow #4thofJulyFly outfit man RT @dominicanraf http://t.co/uImF6sDI
neutral,guess I will mess with it later! not sure what else to do! maybe trash it! lol!!! not yet maybe after I when the lottery!
neutral,@DeArionBASEDGOD Kendrick is not better than papoose or drake
offensive,"I fucked your little sister last night
The pussy was right 
The pussy was tight"
neutral,jacob u look like a monkey in dis http://t.co/rkaqn0GRQe
offensive,RT @TurtleMcNasty: Well I'd love to stay and chat but you're a total bitch
neutral,"New show announced in Lutsen, MN at Papa Charlies on January 29, 2011 http://artistdata.com/a/33ck"
neutral,"RT @Dodgers: ""Gracias por jugar con el corazon, ahora a ganarle a los Yankees."" -@TommyLasorda http://t.co/3FYTvuzNZB"
offensive,"RT @liddoprincess: Call it ""insecure"" if u want but fuck no my man doesn't need to be friendly or have bitches as ""friends"" these hoes ain'&#8230;"
hate,@KamRenee ugly nigger
hate,@AndreBerto can't wait for more PEDS is that it? Roid munching faggot
offensive,Only negro to keep adding baby fat as they got older.
hate,&#8220;@MILF_chronicles: Dudes shaving without it being for an athletic purpose is gay af&#8221; you're retarded.
offensive,"@datexehmm So bad bitches intimidate you, in other words?"
neutral,@MikesGraffix @MalachiDupre all that trash talk and we win championships!!! You're boring me dude #NationalChamps
neutral,"&#8220;@Yankees: #Yankees and Red Sox are scoreless as we play in the 2nd inning.&#8221;
THE BAMBINO IS WATCHING!"
offensive,RT @iLikeWGW: retweet for big booty bitches
hate,@Sammytbh whats your youtube channel then faggot
offensive,@carterboy_leake @italian_montana @tyg235 chill your dad gets more bitches at school than you do griff
offensive,Bitzy probably popped a Percocet before she had these drinks with Mellie. She seems like that kind of of trill ol' bitch. #ScandalABC
neutral,RT @DoctoroftheDead: @Jackson_D_Chase @violet_berry_ You realize I&#8217;m going to have to get out all those #horror and other poems I wrote abo&#8230;
neutral,this movie is actually good cuz its so retarded
neutral,&#8220;@BasebaIIVines: Michael Pineda hides pine tar...on his neck http://t.co/PJRKJeaY6h&#8221; fact that the Yankees cheat &#128077;&#128077;&#128077; Go Red Sox!! #Boston
neutral,@sevensixxx_ @oldirtyjesus great reply except it was trash
offensive,RT @lovesexdeath_: @TonyJRodriguez im queer as a three dollar bill and my first response to her coming out was sarcastic 'wow really? never&#8230;
neutral,RT @SaertjeMirror: I am a zebra amongst the sheep.
offensive,@eze12373 I'll come rape your wife bitch boy
offensive,@CRYaboutitNIGGA waddup doe Lil nicca
hate,@PablyAndrew it was Paul McCartney faggot
offensive,RT @CaLvii: @troncat1003 theyre afraid of being a bitch in person
hate,"@jdickerson @ScottPelley @bobschieffer all racist nTx trash w @NorahODonnell all hate to see this particular man in WH n not the ""Butler"""
hate,#ReasonsWeCantBeTogether if u was talkin to my nig or smashed da homies
neutral,@TheSeanyV would help for some others can't handle uppers and cripples them plus if moderation isn't taken into consideration it'll be bad
hate,Niggas deserve better bitches
neutral,"Even though Lil Wayne's music has turned into trash, No Ceilings and I Am Not A Human Being will always be my favorites."
hate,I like how niggas try an come at me and im like do it then bitch and they dont do shit. Pussies
offensive,Is that the remix fam? &#8220;@Iam_webster: These hoes aint lawyers &#128553;&#127908; lol on god thats my fav Chris Brown song&#8221;
hate,@caykelly16 @MadisonEarhart u guys are fags.
hate,@asshole_king pats owner is a kike.
offensive,Love getting nudes from my bitches &#128520;&#128520;&#128520;&#128520;&#128520;&#128520;&#128520;
neutral,"*squak squak squak squak*
Me: bird shut up!!!
*squak*
Alex: that was an act of defiance 
@Alextalksback"
neutral,Jihadis betting on public protests in Britain to force UK gov out of the anti-ISIS coalition http://t.co/5gJSmrfzWJ
neutral,RT @TheTumblrPosts: This is why Charlie Sheen is an idol http://t.co/6ovXRtTxtN
neutral,Can't stop eating graham crackers
hate,"@SoftestMuffin @_tee13 @TorahBlaze at the end of the day, they call yo dumb ass monkey, picka'nanny hoe. But u luv them white devils"
offensive,RT @GorgeousLeeiyah: Niggas loose they down bitch for a bitch who down to snitch &#128586;&#128175;
offensive,RT @NewLegendaryEra: Twitter gives bitches unrealistic views of what a relationship is gonna be. If y'all fight. This nigga ain't comin to &#8230;
hate,That shade of faggot clashes with your eye color.
offensive,fucking hot boots. Who doesnt love a boot boy. Lick those soles clean. http://t.co/tHnVlldUt8
hate,@TielerMLG @psvch @HalfAssed_ coming to the rescue of some retard licking dirty skidmarks on the internet... you guys are fucktards
offensive,I like my bitches bad wit a Lil attitude
offensive,"Don't touch no sloppy hoes, You might catch somethin.."
offensive,Lol Father has bitches pouring arizona tea on themselves in this one video
hate,"RT @aychmoore: most teachers abuse their position, there's teaching with discipline and there's being a cunt, most are cunts"
offensive,This game on some shit!! Haha playing that hoe high had me and my nigggs trippen haha
neutral,@UdrewhendersonU Nope. Super chocolatey yummy brownies.
neutral,"ISIS Jihadis In Australia Shoot Man In The Face, Chanting &#8216;ISIS Will Stay&#8217; http://t.co/xyzXv5LZs1 #tcot #pjnet"
offensive,@yoPapi_chulo @0beytheLAU @Huntermoore that bitch needs a tittielift
neutral,@mightyfar they need to stop picking up UFCs trash though and build up there own fighters more.
hate,&#128563; RT @KingHov1313: They recruited buku fags in here!&#128563;...a warehouse is no place for them!&#128530;
neutral,"@NYRKelsMads @davidortiz @BarackObama 
I likes da Yankees"
offensive,I ont care cuz I got hoes. Dats rite I got plenty of em
neutral,RT @BruceForce: Study these birds closely. See if you can spot the female. It can be done. Even with limited bird watching skills. http://t&#8230;
offensive,Cheated my way to get? Hahaha this bitch funny if youre so worried about me then stop subtweeting me dumb ass
offensive,I want to beat this bitches ass soooo bad
neutral,RT @SpacePlankton: Saw a man in a yellow hat at the Grand Canyon today. He was hanging out next to a curious gorge.
offensive,RT @Eaton_27: So apparently @Honn_2 likes takin pictures when he's eatin pussy&#128514;&#128514;
neutral,"RT @marksidaway: Last time #xfactor auditions came to Dublin, I auditioned @MaryByrneMusic and @NiallOfficial. And a man in a blue monkey s&#8230;"
neutral,YES!! RT @Merky__: NO!!! RT @HuffPostTaste Will YOU buy the new Caramel Apple flavor of Oreos? http://t.co/K8zUp4Ynzf http://t.co/AMuZaTglx8
offensive,@HippieProblemz pussy poppin on a headstand while ur eating watermelon
offensive,This girl is the nastiest skank bitch I've ever met. DO NOT TRUST HER. She is a fugly slut http://t.co/7sU1UIFUNS
neutral,"@Misplaced_Momma 
Hello dare momma. I show glad dat u follow me. U lbe screamin hot in dem pitchers. 
You eva b wit colored men?"
offensive,"#porn,#android,#iphone,#ipad,#sex,#xxx, | #XXX | Hairy Alicia Silver &amp; Tinslee Reagan hairy pussy &#65533; | http://t.co/ToljqdXEE3"
neutral,"Welcome to the family, Mia Meli! #new #puppy #adorable #cute #fluffy #mutt #mybaby #girl http://t.co/a27C1XueZP"
hate,Every spic cop should be killed. Those pigs only got their job to 'get even' but white people never did anything to them.
hate,"@drboycewatkins1 Coons and monkeys like you disgust me, you minstrel show negro. Crying about shit all the time you're a disgrace everywhere"
offensive,@SactownProidgy @SpeakComedy @yunglucy_ @karon_avila Nigga I will get dick cheese and force you to eat it bitch
offensive,"RT @yepitstrey: I Be Like

&#128663;_____________&#128659;
Fuck! Here come the 5'o

__&#128663;______&#128659;__
Be cool son

___&#128663;&#128659;_____
Man fuck 

___&#128659;___&#128663;____
bitch ass &#8230;"
hate,@brrrrangadang this nigga &#128529;&#128529;.. know damn well you a coon
neutral,1-100000 You are a semi-evolved monkey that is desperately searching for validation and meaning in life. BBQd you'd be ok with mango salsa.
neutral,"@ChrisSFMori 
gun sales have skyrocketed. Gun crime has fallen sharply.
Any claim to the contrary is using fuzzy math."
offensive,"@SalaciousSully Tony drinking sloppily and saying 'What? I cunt hear you, bare ass me again'"
hate,@georgiathenewsa @Rosaalbae your tits may be better looking but her face makes you like a Asian or Latina tranny #facts
neutral,Stafford trash without Megatron #fantasyfootballproblems
neutral,Got damn the Lakers trash....
hate,Dumb bitch https://t.co/We46wO15nI
hate,Man I swear today's like nation hit tony while he's driving day.... This chink almost smashed into me...
neutral,RT @JC2theQ: Yanks walk off win &#128591;
hate,Ayy Carlton is a ghetto school now #SwitchedAtBirth
hate,@gezus__ die in a car accident then faggot
hate,"RT @RollingWithTrin: ""1, 2, 3, 4, how many niggers are in my store? I knowwww you're stealing!"" &#128514;&#128514;&#128514;"
offensive,A lot of bitches eat ass nowadays &#128567;
neutral,this show trash RT @IbSkeeAlii: #LongLive RT @ShinyLipz: Queen Latifah show.... &#128564;&#128564;&#128564;&#128564;
hate,@triple6em96 @Hunglikerobby_ bitch you watch your fucking mouth you dirty whore. I swear to god that's a thin line
neutral,"@SMLBound cracker jack work, cdc - did ya think of checking THE PLANE FULL OF PEOPLE?"
hate,Curse AVI for Coke because he's a fag and hasn't put it on yet http://t.co/jHQPwop4wk
hate,"If you kill all cops and cracker babies, what next?????? Black states, white states, and Latino states? Isn't that moving backwards?"
hate,Bald head bitches think it's their time to prosper !
neutral,A GWB appointee. There goes the ACTIVIST JUDGES slant. Oh wait? It's already been exposed as completely farcical. A GWB appointee.
offensive,CLEARY diz princess iz a bad bitch. http://t.co/jV1SA1b2xw
hate,RT @Carlozxivir: @VocaToaster ching chong
offensive,Would you drink with a nigguh? Do you smoke weed?
neutral,"RT @MrCouture: I have so many questions about that sex tape. I love love LOVE me some Mimi and if that thirsty dude releases it, he's trash&#8230;"
offensive,RT @JLM_2014: It ain't nothin to cut that bitch off&#128129;
neutral,Early bird get the worm.
offensive,"&#8220;@thachosenkid321: What hoes do I have tbh on the highest of keys&#8221;

same"
neutral,Nike DC is trash.
hate,"@DefendWallSt those little #ISIS faggots usually have bags over their heads anyway. 
Makes bullet placement interesting thru a scope."
neutral,"Rose colored glasses only, you guys. #wvnextin6"
offensive,@KeyshawnSwag the bad bitch with them ugly ass nikes
hate,"No. Its wrong to try to change #faggots&gt; There is no ""therapy"" so #tcot should understand and sympathize like they are #retards&gt;"
neutral,"I be jamming Skid Row,Kix,Cinderella,Damn Yankees,Bon Jovi,Def Leppard,Whitesnake,Extreme,Vinnie Vincent Invasion,Ratt,Scorpions etc"
neutral,"RT @ella__fraser: When you clam up, my survival instinct is to kick the door shut"
offensive,Lol bitch u a has been
neutral,!!! RT @mayasolovely: As a woman you shouldn't complain about cleaning up your house. &amp; as a man you should always take the trash out...
offensive,8/10 of the girls u went to hs with look horrible now but don't wanna believe it....I'm bout to piss them Facebook hoes off with this
neutral,&#127867;&#127867;&#127867;&#127804;&#128153;&#127913; plus Sheryl crow http://t.co/49KYwZnotU
neutral,This brownies bro
offensive,"My nigguh
Me naturally forever be fly!"
hate,@mikecheck_123 the favorite drink of white trash everywhere....
neutral,"green beans, summer yellow squash, zucchini, cucumber I will set some more out by the road today its free."
hate,The thing about working with black people. These bitches never on fucking time then wanna complain about a short check. Bitch die.Today. now
offensive,@Tayscalf @protrill fuck em right in the pussy
neutral,"RT @LauraBehnke: #Yankees fans having flashbacks! RT @WCCORosen: @LauraBehnke You remember THIS Phil Hughes! It's already 4 to 0, still no &#8230;"
offensive,RT @FightsOnVine: She used her hair to throw her then kicked her in the head THEN called her a bitch &#128553;&#128514; https://t.co/JUywZNabP5
hate,"@Alicia112794 So basically you like the background music, fag."
hate,"RT @meaghanyockey: ""@savanaharanda: Is you a girl or a guy is you my mom or is you my dad ?"" Im a butch dyke"
neutral,RT @Yankees: SEE YA! @JacobyEllsbury gives the #Yankees a 4-3 lead in the 10th with a solo home run!
offensive,@LupeFiasco uh oh its 9/11 what you gonna preach and cry about today faggot.
offensive,Probably saved @KingBorgman's ass today. About out gas in a Diesel engine.&#128514; what would you do without your redneck friends?&#128514;&#128514;
hate,2 hoes 1 dyke
neutral,RT @TheOrlandoJones: Funny how people who take their fantasy sports leagues very seriously are celebrated while those who play D&amp;D are mock&#8230;
neutral,The republican teabaggers hate this but screw em. http://t.co/6iutHYvhQm
hate,"#TrayvonMartin referred to Zimmerman as a ""creepy ass cracker"". Racist thug."
hate,"@aldofelix naw dude I wish, they're white trash"
hate,@Derek_Kirchner7 @tori_mills02 fags&#128567;&#128567;
offensive,&#8220;@JoeBudden: The bad bitches are only bad until they start talking anyway.&#8221; He Preaching
offensive,@apmorales96 gotta keep fighting bro Thea hoes just trying to bring me down. #thestrugle
neutral,Early bird gets the worm! &#128027;&#128036;
neutral,"Why does MSNBC have a ""news"" show that is 100% opinion &amp; right wing talking points? Joe the nation is with PBO not u teabaggers #morningjoe"
neutral,RT @ItsFoodPorn: Oreo Ice Cream Cake http://t.co/Qpde1L6zAi
offensive,Lmfao watching Brokeback Mountain with Taylor cuz we've both never seen it aha #queers @mckinley719
hate,Sonnen is a faggot
neutral,"Only Blood Can Satisfy The Hungry Flames Of R&#8217;hollor, Charlie Brown"
offensive,don't be surprised when I'm a bitch to you because you're always a dick towards me
neutral,Obama&#8217;s Newly Released Gitmo Jihadi Has Links To Terrorists In Syria http://t.co/MywaAFD1yB #tcot #pjnet
offensive,@bijoudulcet geminis rule hoe. &#128524;
neutral,RT @russnelligan: Final debate clean-up: journalists sure know how to trash a lobby... #wcvbpoli #wcvb http://t.co/LMerSj8sTi
offensive,Lmao! RT @HUMonTHESE Harden look like the last air bender out this bitch. http://t.co/jN8exkXf
hate,"Twice divorced teabagger Florida Attorney General says marriage is reserved for 'stable, enduring family units' http://t.co/9ZWr3O33iu #wtf"
neutral,"I told her too. I said ""bri don't get in tweef with anyone because you're trash at it"" and then she goes and tweefs with like 6 freshman"
hate,"RT @Bidenshairplugs: Anybody who trashes their own neighborhood after a perceived injustice is a fucking moron. 

#Ferguson"
neutral,"If the crust ain&#8217;t graham cracker, keep that pie"
neutral,@LandonVanBus Charlie Day?
offensive,Teach me RT @IntellectsRUs: You really be fucking bitches brah?
hate,A nicca say he ballin ask em where his title n his deeds at not wher his clothes n his keys at
neutral,Lmao RT @MoeMartin44 The in soles in Reebok Classics can't even handle the diabetic weight Rick Ross holds
hate,@illbreatheyouin happy birthday faggot.
offensive,"Young, stupid ass hoes these days&#128514;&#128514;#GOTDAYUM"
hate,@sizzurp__ @bootyacid @ILIKECATS74 @yoPapi_chulo yeah ok nigger.
neutral,@tweebest clam it
neutral,somebody take these Oreos away from me before I eat the whole pack
offensive,@usweekly that old cunt needs to sit down
hate,...aaaaaaaaand it begins. RT @RileydaKafka: Fucking niggers that's all Kentucky is and ever will be
offensive,"@Yeahhhmans way to take orders like a little bitch, bitch"
neutral,"Everyone thinks that I'm not the person on my id. Like look at my moles, I don't understand.. Like I colored my hair what a big difference"
offensive,That's why I don't stunt these hoes on Instagram. #teamrealbooty http://t.co/VchXqgMbDE
offensive,People hate on da rig life but I love my baby more then a pussy ass nigguh
offensive,I'm sticking with @tha_fluzzy07's theory that black pussy tastes like strawberry milk.
offensive,I dont got no type... Bad bitches is the only thang that i like! You aint got no life.. Cups with the ice and we do this every night!&#127926;
offensive,This nigga to my left ugly then a bitch
offensive,I was getting to the business while you was chasing the bitches
neutral,@sweetlou462 Lol. Have fun! &#128516; I haven't been to a race since HS (Charlotte). Crazy redneck times. Lol.
hate,@bnp We are being overrun by mongrels because ZOG or the Jews that run our countries want the white man to perish.
offensive,Bitches with trash pussy always want unprotected sex
offensive,&#8220;@nhalegood: When hoes feel like their photo didnt get enough favorites http://t.co/ZDf98BpF94&#8221;
hate,@MrMooncricket @AtBlackface @UncleUnco @BobbyBotsods @FuckTheMallcops @RacistNegro69 ugly gay nigga bitch fucking peace of shit
offensive,"Now put Ya ass on this dicc, let me know you that baddest lit bitch."
offensive,Horny MiLF in sexy lingerie has her old pussy pummeled by a hard&#160;dick http://t.co/QsdW8mQNSl
hate,@davidly62793584 how many fuckin fags did a even get? Shouldnt be allowed into my wallet whilst under the influence haha
offensive,Really ain't nuttin to cut that bitch off
neutral,Them brownies tho &#128524;&#128076;
hate,@who__CHRISJONES @WhyYouSoShort who is dis crack ass cracker
hate,"@The_Red_Sea @shetheTRUTHtho say that shit to my face ""Bruh"" you a bitch for gettin in a man u dont know business. Handle yo own shit"
neutral,Can't be many things worse than having COPS interrupted because a friggin Yankee game is still going on.
hate,Must have been a light skin hoe &#8220;@CampaignMindy: Lmfao wtf she mean af &#128557;&#128557;&#8220;@TrickingGawd: HE WASNT READY BRUH RIP!! http://t.co/lJRqrdBMfi&#8221;&#8221;
offensive,@kieffer_jason and stop being a bitch made nigga and man up and show up for that ass whooping
hate,@kitlange stop oppressing me! Have you heard of free speech? Stop shoving your lifestyle down my throat! 1st AMENDMENT! #tcot #teabaggers
neutral,RT @KarlenaSkiff: Could never date someone with yellow teeth&#128567;
offensive,"RT @O_MyGotti: you have a girlfriend, stop asking these hoes to be your bestfriend."
neutral,"""@SportsCenter: Eli Manning just threw his NFL-leading 27th interception of the season."" Lmao trash"
hate,Fuck that nigga's shit up! Olivia's pussy got Fitz going batshit!!!
neutral,@treagle05 early bird gets the worm tomcat
hate,@bellaangeletti no ud still be a fag if I was lolz
neutral,"RT @NateKlempa: @ROOTSPORTSPIT must not realize how much #WVU games mean to all of us ""hillbillies"". The @Pirates play 162 games a year. Sh&#8230;"
offensive,&#8220;@FabianMleal: I'm fucking tired. Ending the night with some rips&#127809;&#128293;&#8221; so much for hitting me up bitch
offensive,Rusty hoe to bumpin 2 me #NeedDaName http://t.co/DwAEjyUbQr
neutral,&#9733; BEST ASIAN MASSAGE ON THE Brooklyn Park slope --TOP RATED SPA &#9733;718-622-0221 - 24 http://t.co/thXm7Hjo07
offensive,"RT @CzarofSwag: To the retards chanting USA at the FC Dallas game, Kansas is in the USA."
offensive,People ask me y I never speak up bout the subtweets n lil shit people say ...BABY tbh ion give a dam bout none of that no nigga or bitch oml
neutral,"RT @intelwire: Significant number of US tweets were Americans flipping the bird to IS. UK, not so much."
hate,gay ass fags http://t.co/eqn4gvW42V
neutral,I feel utterly retarded. Thanks big brother&#128563;&#128514; @Crawford96M
neutral,Did the Italian bird just call Janet a calzone? #UNCLEtweet
hate,@leiacatherinexx don&#8217;t be a hurt little faggot
hate,@Flow935 jus wanted to let y&#225;ll know hope the hurricane kills your soca sunday trash #LORDWILLIN
neutral,"before and after I started playing flappy bird ...
before: &#128522;&#127800;&#128077;&#9728;&#65039;
after: &#128545;&#128299;&#128165;&#128163;&#128293;&#128659;&#128658;"
neutral,Chance is trash
hate,RT @sorryimalex: I got called a faggot for buying girl toms so now I'm gonna fuck that person in the ass
hate,@jimachterfeld @joeo670 @dan_bernsein Bernstine is Chi Sox Jew fag.
offensive,add me on snapchat bitches @ erinblair
hate,The South is full of white trash. The Midwest is full of white trash. The West Coast if full of white trash.
hate,You a lame ass nigga still cuffin these hoes my bitch got a bitch with er
neutral,"RT @ceut: BushCo used to publicly trash ex-officials who wrote books - Snow, O'Neill, etc. Bet we won't hear PBO trashing Gates... #morning&#8230;"
offensive,Lmaoooooooo! RT @HeauxmerSimpson D'Angelo prolly nice as shit at Madden now. Lmao. Fat bitch.
neutral,Charlie Baltimore look good for 45 &#128563;
hate,@SexWith_SocksOn faggot
offensive,Yall couldn't wAit till Halloween to dress up like hoes
hate,I prefer Jameis Winston to not speak on TV at all. Damn coon.
offensive,If my tweets hit too close to home why you subbing me lil stupid ass bitch? Check Ya own fucking self issues lil bitch.
hate,"@Brice2254 Fuck you, faggot."
neutral,George Rockwell (2 of 3) Speech at Lynchberg Armo&#8230;: http://t.co/5LFXMdYU2g Proud to say my Uncle Kelly was at this speech in 63.
offensive,"Shiiiit @Pontiac_Holmes, drops you a couple extra dollars on that hoe. Get her a Brazilian. Gotsta spend money to make money!"
hate,@JRise88 @G_Anderson4 what do you want fag
neutral,Lakers fans will feel the pain the Yankees fans are feeling today at the end of basketball season.
offensive,@IvetteBrianna_ fag
offensive,Imma get home around 0300 problem is it's a coon leaving the bar that drank 7 shots of crown royal think he still can drive
offensive,@kelvinkayyy safe bruv welcum to twitter my niggur
neutral,"Sometimes, even I gotta tell these hoes to grow up smh"
neutral,RT @FoxNews: #FoxNews projects that Wyoming Senator Mike Enzi will defeat Democratic challenger Charlie Hardy. #Election2014
hate,@vernon1488 town . At a movie with friends. I stabbed a nig 3 times and got sent to prison. Justice?
neutral,Fairy tale world lmao
neutral,"It's a plane, it's a bird, nah it's just me doing laps around the dam. Lol"
neutral,@ronniecaine so 'how bout now' was just trash huh.
neutral,I can't play flappy bird. It makes me angry.
neutral,@PhilHecken I don&#8217;t understand how it&#8217;s weak to give anything to Jeter when the Astros barely have any history with the Yankees
neutral,Yankee pinstripes might be the best unis in the MLB but the gray road ones are the worst CC looks like an elephant trapped in a circus tent
neutral,"@GOPBlackChick @barrackobama just said u.s.was full of nice,giving,smart ppl.I thought we were mean,unexceptional,bitter clingers?#evolved?"
offensive,Stupid ass hoe
offensive,I'm bout to get this bitch a cell mate
hate,@gvvenivere learn how to type ya hillbilly
hate,"' If this ugly ass niggah can be with her , I can too . Tf she with Chuu Baka for anyways this niggah look like a... http://t.co/lVNDRDPpQT"
hate,#California is full of white trash
neutral,&#9733; BEST ASIAN MASSAGE ON THE park slope --TOP RATED SPA &#9733; 718-622-0221 - 24 http://t.co/ZsAAzFL0p5
hate,"@_IAMKEN fuck Brett Farve redneck ass, he stuckup he don't give a damn lol he be on campus acting like he the shit"
hate,"Bitch fuck yo nigga, what's up with that pussy!!?!"
offensive,Tf bitch do mine
hate,@JRise88 @LongLiveTylerD your a fag
offensive,Im never cuffin unless my bitch grown or act grown. I can't deal wit lil girls nbs
offensive,@LaIndieKid @tneut10 @riwhey_000 what you say bitch? #selfiesONselfies http://t.co/FcMlVtIGbL
hate,Hate this dyke
offensive,"RT @SkinnyKenny13: ""@1017_Sqquad: When a fat bitch want you and a skinny bitch can't cook nothin for you &#128514;&#128514;&#128514; these hoes ain't hungry &#128514;&#128514;"" do&#8230;"
offensive,@EricWithAHotDad bitch I'm done with school
neutral,"@Krbfarms @Cornfrmr Homemade Angel Food, yellow cake with half-inch chocolate frosting, Devil's Food to die for, Pecan Pie"
offensive,RT @NikkiiNick22: Customers at like you make the prices... Like no bitch I don't
offensive,"RT @that1kidzi: Ohioans clowned on Kid like, ""It's sooo warm here! What the fuck is wrong with Minnesota?"" Well that bitch Karma teamed wit&#8230;"
neutral,"RT @Loxodonta_s: #News &#8212; #Democrats and #AntiSemitism &#8212; #Jewish group condemns VP Joe Biden&#8217;s offensive reference to ""Shylocks"" http://t.co&#8230;"
offensive,I guess I just come off as a bitch to people &#128529;
hate,"@Aryanliving Welcome to the movement. Anyone who gets even minor publicity is a queer, fed, or jew (well, according to the internet)."
offensive,You a pussy hoe until you give me pussy hoe
hate,Cute ass niggah. http://t.co/h0SQoPTYfX
neutral,&#8220;@theellemac: Essence Fest anyone?&#8221; I'll be there on the main stage 2 stepping with Uncle Charlie
offensive,my bitches getting even badder
neutral,Tonight. My sole purpose is to be thoroughly intoxicated. Night off and no class In the AM. Maybe I deserve it
hate,@InfidelAlie that should read suck on my bacon encrusted middle finger Muslim twats
neutral,RT @ItsFoodPorn: Oreo Cheesecake Bars http://t.co/RlHHIM98FL
hate,Fuk wit a real nicca
offensive,He run his mouth just like a bitch I had to cut em off
hate,https://t.co/jtLZErgxI0 Leo get the fuck off of vine you fag
neutral,RT @almostkanye: RT @Resolutionary_: if Crabtree woulda caught that over Sherman for the game y'all woulda said Sherman trash &amp; he got what&#8230;
offensive,RT @1JohnnyCinco: You can't go wrong with a loyal bitch.
hate,@tiffantasticc your dad is genuine happy guy because his kids aren't niggers though &#128532; jimmy is my nigga 5eva
neutral,"RT @sportspickle: Yankees didn't want Russell Martin, so he signed with the Pirates 2 years ago. Pirates have made back-to-back postseasons&#8230;"
offensive,Beer ball isn't for pussies
hate,Y'all hoes really get mad cause a nigga don't want cha
offensive,&#8220;@odlew11: Who clothes in the dryer? I'm tryna dry my clothes&#8221;throw them hoes out
offensive,Yo bitch wanna fuck the squad
hate,"Bitch ass nigga, be hating on black women... Uncle Tom bitch punk."
hate,RT @InkMyHoleBody: This nigga is a fuckin faggot https://t.co/e3m6tujnhF
offensive,RT @Lydsortiz: Knew a bad bitch but she was kinda slow
offensive,If only my new local mall wasn't so ghetto
offensive,&#8220;@RudePost: A new breed of white girl... https://t.co/0Zsu3zQiXD&#8221; she slammed that bitch &#128527;&#128514;
hate,RT @PacDaGoat: I really hate attention seeking hoes. Hope they all die
neutral,RT @Elisaa_Martinez: Happy birthday cotton picker lol @1NOnlyDirtyMike
neutral,@jessitron @Bsilverstrim77 ...in fact were I to start a for-profit university this would be the sole requirement for graduation!
neutral,"If you enjoy hunting for sport, then you're trash. If you hunt for food, you deserve to starve."
hate,@phishlicia I'm 5'8 fag &#128536;&#128536;
neutral,@Yankees isn't that kind of saying the #Braves won't make it to the World Series? LOL
neutral,Majority of it is trash anyway.
hate,#Dutch people who live outside of #NewYorkCity are all white trash.
hate,RT @JHarmelink182: The fox says you're a cunt.
offensive,stupid bitch&#8230;&#8230; count to H and get off my phone
offensive,he said it's a black bitch &#128561;&#128552;&#128533;
neutral,I show do like The Jeffersons. Dat George make me wanna open up a dry cleaning stow and call all da white folk honkey
offensive,#youaremoreattractive if u a real bitch!
offensive,"RT @RealBobbyJay: If a mf really like you&#9786;&#65039;, they'll drop all their hoes&#128108;&#128109;, exes&#9995;&#128530;, &amp; groupies and focus only on you.. &#128107;"
neutral,RT @iDntWearCondoms: If u acted like a hoe after we broke up I'm not wrong for thinking u were a hoe all along
hate,Fuck that hoe??? thats exactly what dese hoes doin. Gettin fucked nd yall niggas the one to blame
offensive,RT @CuhCuhCuh: its some sexy ugly bitches in the world cuh that ill fucc
offensive,"&#128073; RT @OeauxMar: Nigga was smashing his hoe, had his hoe paying for a condo and he still with her &#128514;&#128514;&#128514;&#128514; Yep Fucboy"
hate,Roman Catholics in the US are trash. They give Catholics in Europe a bad name.
neutral,85 species of birds reported in Chesterfield for the Great Backyard Bird Count. How many in your area? http://t.co/VIWMjjJxOT
offensive,Call dat bitch... http://t.co/p50wtGrz8a
offensive,' Lemme find out you didn't answer my call cause you otp with that niggah &#1041204;
offensive,RT @bdha: http://t.co/zPrnmY7kQR What a shit heel.
neutral,I like the Yankees toinight -107 http://t.co/J4rhaMBu
hate,Yo bitch on my dick she come to my crib she get passed around no love
hate,@Hovaa_ ya I know all the slang I'm racist I h8 porch monkies
offensive,"imagine if white people said ""my honkey"" instead of ""my nigga"" lol"
offensive,I made ya bitch sicc wit that one &#128514;
neutral,"the rams really dont wanna be trash, jeff fisher really bout it"
neutral,Houston has so many trash drivers
hate,RT @JoeCaroselli1: Jameis Winston is a nigger
offensive,Hoes get in this bitch ... Talk about irrelevant shit ... &#128514;&#128514;&#128514;
hate,When a pussy nigga socks you and doesn't knock you out.
offensive,@Oskzilla come draw and paint with me niggah!
neutral,RT @SenorSteez This whole week was trash
hate,@delaney_guinan a faggot that needs to grow up
neutral,Am ghetto http://t.co/kgu2SePIQZ
offensive,I be lonely&#128514;&#128514; I have no hoes &#128553;&#128514;&#9995;
hate,faggot http://t.co/tkPokv3ncd
hate,"@_Andrizzy_ aw drake is, do you sit in the corner and cry when you listen to him? lmfao, pussy dick rider, how drakes cock taste faggot."
neutral,"Someone should explain to Blake griffin that talking trash to an opposing 3rd string is unbecoming, even amongst clippers."
neutral,#tikiti - rough mock for the base of what will eventually be an ashtray @ Tiki Ti http://t.co/8zE8aqY0
hate,@Taylor_1017 faggot
offensive,About all u can expect from a nicca that can barely talk! Lmao RT @SpaceJam_Teeg: @VonshayeB dude can't spell worth shit yo lol
offensive,I didn't wanna see your hoe ass pictures anyways. Take care of your fuckin kids too.
hate,"@GoDaddy Hope you guys do get attacked for supporting SOPA, bunch of dirty snake faggots."
offensive,Bad bitches is the only thing that I like
neutral,"""@HermosaAlma: This isn't ghetto.....it's smart https://t.co/MPAzQ3Jswf"" I'm doing this idc"
offensive,@Oskzilla not fair! You're still a faggot -.-
offensive,hahaha dumb bitch
offensive,RT @WWECrowe: #JerrySpringer on #RAW ...... The white trash side of me is applauding @WWE
hate,@CrackerJhak Because you're a fag
neutral,Weed brownies &gt;&gt;&gt;&gt; &#128553;&#128079;
offensive,RT @CauseWereGuys: How to get unlimited pussy in high school http://t.co/0yaDezrREr
neutral,RT @23Vnds: Check out the homie @renz360 for that sole sauce! That stuff does miracles!!! @renz360 @renz360&#8230; http://t.co/EecEzJRx6C
neutral,Gonna shower for the sole purpose of shampooing my beard.
hate,@kingxxlopez Roberts is a fuckin fag&#128514; smack the shit outta him
offensive,girls will hoe just as the sun will shine
offensive,These hoes get thick n fat confused way more than often!!!!!!!!
hate,Only white trash watch football.
hate,"RT @C_Phil_13: Man... I was trying to eat &#128555; ""@kylegotjokes: ""Nigga you said it was bitches out here, I showed up for nothin!"" http://t.co/u&#8230;"
offensive,Ima spread that pussy out like a acre
neutral,It's gonna be a long season for the Yankees if this simulation is right #BlueJays #Rays #Yankees #Orioles&#8230; http://t.co/Zc3k9NDB1T
neutral,"@leprechaun_ie Strong with the Force, leprechauns are."
offensive,I love when girls pass up the guys who want Something real and to treat them right for the guy who just uses em cuz then they bitch about it
offensive,I swear bitches is looney I like a pic ...&amp; I'm fucking that bitch&#128514;&#128514;&#128514;
neutral,Charlie Sheen never disappoints.
hate,@truuueee_ that bitch done.. have it to u on Sunday my nigga
hate,niggas ain't playin a gram of defense man George need to tell these bitch ass niggas man up
hate,dem niggas ca have them white hoes.... I love my beautiful black sistas....
neutral,Don't follow the astros they said. They're trash they said. Well now look at them #astros
neutral,Friends don't let friends become guidos. #themoreyouknow
offensive,RT @derekt529: See RT @Adolfhibsta: Your pussy &amp; personality gotta be trash if a nigga stopped talking to you after sex
neutral,What is this the @Yankees are doing today? Using those wooden things and making it all the way around the bases? Weird.
hate,"It happens AGAIN!! Black pack beats ""whitey."" This should make national news. http://t.co/izKoA2Xb"
neutral,"Haha, Yankees fans are bent out of shape about the Hu27le graphic"
hate,"Eh bitch!? How about you worry about your own psychotic ass. Looks like you need to ""be saved"" from being a noisy bitch &#9996;&#65039;&#128139; #cantStandUcunt"
offensive,These hoes be busting nuts when they get a RT
offensive,Boy damn jitt got his ass bitch slapped in da court yard comin to 6th period &#128514;&#128514;&#128514; i was yelln n shit
offensive,"I'm dry humping hoes tonite bussin on they costume so they man deal wit em later. RT @Me_RonG: Somebody girl gettin fucked tonight"""
neutral,Can we revisit @ChairmanL's idea of two teams of @Yankees playing against each other? I would like to see a game every now &amp; then.
hate,My neighbors be sick when i wake um up to all this nigger music ctfu
hate,#ThingsIWillTeachMyChild how to play deez niggas n bitches dat be snakes
neutral,@CheckMyLingo_ @Kingpin_Terror ima get this so every time I throw trash away its where it really belongs http://t.co/DRGBekvzun
hate,RT @YoShortyMa: I'll kill this bitch no hesitation http://t.co/UxePa9LVi5
neutral,@foreverschmoked vertical nip bars..I already have horizontal ones so I think it'll look hella cute
offensive,@Bojieasx slap a taco in thT hoe face &#128514;&#128514;&#128514;&#9996;&#65039;&#128080;&#128074;&#128175;&#128536;&#128584;&#128129;
neutral,"RT @carrielusch: You might be a liberal if you continue to trash America, claiming how horrible and evil it is, yet you refuse to leave"
hate,People who grow their own vegetables are nothing but common peasant trash.
offensive,"""@BVSEDCHINK: Yo fuck skateboarding, all y'all some wood pushing faggots man, ball is life http://t.co/VBCzP6HMT7""
@AmJemieBenn"
offensive,Know that the bad bitch got ittt &#128553;&#127908;
neutral,#Yankees got beaten by a thug
neutral,"Going through my computer and found the ""Shake that monkey"" video we made freshman year in Dillard! &#128514;&#128514; @BruhKiaraThrowd was Too Short"
offensive,"Fuck wnba , fuck dykes on my set #GotNoSet"
hate,@WyattNuckels @grizzboadams shut the fuck up fag ill beat the shit outta you
hate,&#8220;@NiHao_Rocky Who is she? RT @DrTruth247: Y'all hype that bread loaf chick up but I'm a chill&#8221; a dyke rapper
neutral,RT @chilltweetss: when I make the paper ball into the trash can &#128168; http://t.co/Xnx2XEGACm
hate,@EvanBecker513 @_TriggaPlease_ @MorbidMermaid @zooyorkinit @_ShayisdaBOMB_ @Rainbowblake because she's a nigger
hate,&#8220;@FreddieGibbs: Tea bag a bitch.&#8221; Pahahaha
offensive,@AsapTwelvyy hoes.
offensive,Experience Charlie. Married woman who loves hot phone sex with strangers. Can you get me off? - 27 http://t.co/bpDqqPoGAe
offensive,"I ain't trying to fuck, bitch. I just want wings."
offensive,@HazelEyedBarbi She walks away!? What a pussy.
hate,You like them bitch niggas.
hate,I do da flow in a temple today fo nuttin. And dat Jew wit the funky hair tell me I subhuman. He tell me I ain't no mo human den a monkey
offensive,Fuck her pussy &#127814;&#128047; Fuck her mouth &#127814;&#128068; Fuck her ass &#127814;&#128169; &#128514;&#128514; cause she nasty
hate,@ChaseBasford chase you God damn faggot &#128514;&#128557;&#128514;&#128557;
neutral,@AstrosCounty Jeff Luhnow is to blame for the Astros not blowing out the Red Sox and Yankees -HC
offensive,"kyle im hungry, quit talking and let's go hoe"
neutral,@Nashgrier purple monkey
neutral,"RT @PowerCumminMax: Green/yellow fuel pump&gt;&gt;&gt;&gt;&gt;
#dieselstation"
neutral,Joba Chamberlain looks like a homeless guy that won a contest. #Yankees
offensive,&#8220;@inHERribs: is it too early to put your face in some pussy?&#8221; Bul never to early for breakfast
